Workbook

Sheet Catalogue
A1: rowType | B1: extensionId | C1: extensionName | D1: extensionCoverImageRef | E1: cardId | F1: name | G1: rarityLabel | H1: cardRarityMultiplier | I1: imageRef | J1: variantProfileId | K1: commonName | L1: primaryCatalogName | M1: catalogNumber | N1: objectFamily | O1: objectTypeLabel | P1: constellation | Q1: mainSeason | R1: rightAscensionHours | S1: rightAscensionMinutes | T1: rightAscensionSeconds | U1: rightAscensionLabel | V1: declinationSign | W1: declinationDegrees | X1: declinationArcMinutes | Y1: declinationArcSeconds | Z1: declinationLabel | AA1: coordinatesLabel | AB1: shortDescription | AC1: detailType | AD1: distanceLightYears | AE1: distanceLabel | AF1: realSizeLightYears | AG1: realSizeLabel | AH1: visualFullMoonWidth | AI1: visualFullMoonHeight | AJ1: angularWidthDegrees | AK1: angularWidthArcMinutes | AL1: angularWidthArcSeconds | AM1: angularWidthLabel | AN1: angularHeightDegrees | AO1: angularHeightArcMinutes | AP1: angularHeightArcSeconds | AQ1: angularHeightLabel | AR1: visualSizeLabel | AS1: absoluteMagnitudeValue | AT1: absoluteMagnitudeLabel | AU1: visualMagnitudeValue | AV1: visualMagnitudeLabel
A2: extension | B2: astronomes-en-herbe | C2: Astronomes en herbe | D2: cover_astronomes_en_herbe
A3: card | B3: astronomes-en-herbe | E3: aeh-albireo | F3: Albiréo | G3: Common | H3: 1 | I3: albireo | J3: observation-default | K3: Albiréo | L3: Bayer | M3: Beta Cygni | N3: star | O3: Etoile double coloree | P3: Cygne | Q3: Ete | R3: 19 | S3: 30 | T3: 43 | U3: AD 19h 30m 43,0s | V3: + | W3: 27 | X3: 58 | Y3: 0 | Z3: +27° 58′ 00″ | AA3: AD 19h 30m 43,0s ; Dec +27° 58′ 00″ | AB3: Belle étoile double bleu et jaune, formant la tête de la constellation du Cygne. | AC3: star | AD3: 420 | AE3: 420 annees-lumiere | AF3: 0.005 | AG3: 0,005 annee-lumiere | AS3: -2.3 | AT3: -2.3 | AU3: 3.08 | AV3: 3.08
A4: card | B4: astronomes-en-herbe | E4: aeh-algol | F4: Algol | G4: Uncommon | H4: 1 | I4: algol | J4: observation-default | K4: Algol | L4: Bayer | M4: Beta Persei | N4: star | O4: Etoile variable eclipsante | P4: Persee | Q4: Automne | R4: 3 | S4: 8 | T4: 10 | U4: AD 03h 08m 10,0s | V4: + | W4: 40 | X4: 57 | Y4: 20 | Z4: +40° 57′ 20″ | AA4: AD 03h 08m 10,0s ; Dec +40° 57′ 20″ | AB4: Étoile variable célèbre car sa période est de 3 jours. Ses changements de luminosités sont donc faciles à suivre au fil des nuits. | AC4: star | AD4: 93 | AE4: 93 annees-lumiere | AF4: 0.0003 | AG4: 0,0003 annee-lumiere | AS4: -0.2 | AT4: -0.2 | AU4: 2.12 | AV4: 2.12
A5: card | B5: astronomes-en-herbe | E5: aeh-almach | F5: Almach | G5: Uncommon | H5: 1 | I5: almach | J5: observation-default | K5: Almach | L5: Bayer | M5: Gamma Andromedae | N5: star | O5: Etoile double coloree | P5: Andromede | Q5: Automne | R5: 2 | S5: 3 | T5: 54 | U5: AD 02h 03m 54,0s | V5: + | W5: 42 | X5: 19 | Y5: 47 | Z5: +42° 19′ 47″ | AA5: AD 02h 03m 54,0s ; Dec +42° 19′ 47″ | AB5: Étoile double colorée très connue car la deuxième étoile du système est également une étoile double ! | AC5: star | AD5: 350 | AE5: 350 annees-lumiere | AF5: 1.18e-05 | AG5: 0,0000118 annee-lumiere | AS5: -0.3 | AT5: -0.3 | AU5: 2.1 | AV5: 2.1
A6: card | B6: astronomes-en-herbe | E6: aeh-altair | F6: Altaïr | G6: Common | H6: 1 | I6: altair | J6: observation-default | K6: Altaïr | L6: Bayer | M6: Alpha Aquilae | N6: star | O6: Etoile blanche | P6: Aigle | Q6: Ete | R6: 19 | S6: 50 | T6: 47 | U6: AD 19h 50m 47,0s | V6: + | W6: 8 | X6: 52 | Y6: 6 | Z6: +08° 52′ 06″ | AA6: AD 19h 50m 47,0s ; Dec +08° 52′ 06″ | AB6: Étoile brillante du Triangle d'été, au centre de la tête de « l’Aigle Volant ». | AC6: star | AD6: 16.7 | AE6: 16,7 annees-lumiere | AF6: 2.65e-07 | AG6: 0,000000265 annee-lumiere | AS6: 2.2 | AT6: 2.2 | AU6: 0.76 | AV6: 0.76
A7: card | B7: astronomes-en-herbe | E7: aeh-andromede-constellation | F7: Andromède | G7: Common | H7: 1 | I7: andromeda_constellation | J7: observation-default | K7: Andromède | L7: IAU | M7: AND | N7: constellation | O7: Constellation | P7: Andromede | Q7: Automne | R7: 1 | S7: 0 | T7: 0 | U7: AD 01h 00m 00,0s | V7: + | W7: 38 | X7: 0 | Y7: 0 | Z7: +38° 00′ 00″ | AA7: AD 01h 00m 00,0s ; Dec +38° 00′ 00″ | AB7: Constellation formant les pates arrières de Pégase, connue pour habriter la galaxie d'Andromède. | AC7: constellation | AH7: 11 | AI7: 5 | AJ7: 5 | AK7: 30 | AL7: 0 | AM7: 5°30′00″ | AN7: 2 | AO7: 30 | AP7: 0 | AQ7: 2°30′00″ | AR7: 11,00 × 5,00 (5°30′00″ × 2°30′00″)
A8: card | B8: astronomes-en-herbe | E8: aeh-arcturus | F8: Arcturus | G8: Common | H8: 1 | I8: arcturus | J8: observation-default | K8: Arcturus | L8: Bayer | M8: Alpha Bootis | N8: star | O8: Geante orange | P8: Bouvier | Q8: Printemps | R8: 14 | S8: 15 | T8: 39.7 | U8: AD 14h 15m 39,7s | V8: + | W8: 19 | X8: 10 | Y8: 57 | Z8: +19° 10′ 57″ | AA8: AD 14h 15m 39,7s ; Dec +19° 10′ 57″ | AB8: Géante rouge qui proviendrait d'une petite galaxie qui serait entrée en collision et aurait fusionné avec la Voie lactée il y a 5 à 8 milliards d'années. | AC8: star | AD8: 36.7 | AE8: 36,7 annees-lumiere | AF8: 3.73e-06 | AG8: 0,00000373 annee-lumiere | AS8: -0.3 | AT8: -0.3 | AU8: -0.05 | AV8: -0.05
A9: card | B9: astronomes-en-herbe | E9: aeh-aurora-borealis | F9: Aurore boréale | G9: Epic | H9: 1 | I9: aurora_borealis | J9: observation-default | K9: Aurore boréale | L9: Geophysique | M9: AUR-N | N9: sky_event | O9: Phenomenes lumineux polaires | P9: Circumpolaire | Q9: Automne-Hiver | R9: 0 | S9: 0 | T9: 0 | U9: AD 00h 00m 00,0s | V9: + | W9: 70 | X9: 0 | Y9: 0 | Z9: +70° 00′ 00″ | AA9: AD 00h 00m 00,0s ; Dec +70° 00′ 00″ | AB9: Voiles lumineux polaires spectaculaires, célèbres pour leurs couleurs mouvantes. | AC9: sky_event | AH9: 120 | AI9: 60 | AJ9: 60 | AK9: 0 | AL9: 0 | AM9: 60°00′00″ | AN9: 30 | AO9: 0 | AP9: 0 | AQ9: 30°00′00″ | AR9: 120,00 × 60,00 (60°00′00″ × 30°00′00″)
A10: card | B10: astronomes-en-herbe | E10: aeh-betelgeuse | F10: Bételgeuse | G10: Common | H10: 1 | I10: betelgeuse | J10: observation-default | K10: Bételgeuse | L10: Bayer | M10: Alpha Orionis | N10: star | O10: Supergeante rouge | P10: Orion | Q10: Hiver | R10: 5 | S10: 55 | T10: 10.3 | U10: AD 05h 55m 10,3s | V10: + | W10: 7 | X10: 24 | Y10: 25 | Z10: +07° 24′ 25″ | AA10: AD 05h 55m 10,3s ; Dec +07° 24′ 25″ | AB10: Supergéante rouge célèbre par sa luminosité et sa couleur orange, facile à remarquer à l'œil nu dans la constellation d'Orion. | AC10: star | AD10: 548 | AE10: 548 annees-lumiere | AF10: 0.00011 | AG10: 0,00011 annee-lumiere | AS10: -5.85 | AT10: -5.85 | AU10: 0.42 | AV10: 0.42
A11: card | B11: astronomes-en-herbe | E11: aeh-capella | F11: Capella | G11: Common | H11: 1 | I11: capella | J11: observation-default | K11: Capella | L11: Bayer | M11: Alpha Aurigae | N11: star | O11: Etoile multiple | P11: Cocher | Q11: Hiver | R11: 5 | S11: 16 | T11: 41 | U11: AD 05h 16m 41,0s | V11: + | W11: 45 | X11: 59 | Y11: 53 | Z11: +45° 59′ 53″ | AA11: AD 05h 16m 41,0s ; Dec +45° 59′ 53″ | AB11: De la constellation du Cocher, c'est la quatrième étoile la plus brillante du ciel du Nord après Sirius, Arcturus et Véga. | AC11: star | AD11: 42.9 | AE11: 42,9 annees-lumiere | AF11: 1.76e-06 | AG11: 0,00000176 annee-lumiere | AS11: 0.3 | AT11: 0.3 | AU11: 0.08 | AV11: 0.08
A12: card | B12: astronomes-en-herbe | E12: aeh-cassiopeia | F12: Cassiopée | G12: Common | H12: 1 | I12: cassiopeia_constellation | J12: observation-default | K12: Cassiopée | L12: IAU | M12: CAS | N12: constellation | O12: Constellation | P12: Cassiopee | Q12: Automne | R12: 1 | S12: 0 | T12: 0 | U12: AD 01h 00m 00,0s | V12: + | W12: 60 | X12: 0 | Y12: 0 | Z12: +60° 00′ 00″ | AA12: AD 01h 00m 00,0s ; Dec +60° 00′ 00″ | AB12: Constellation en forme de W, elle fait partie des "circumpolaires" : les constellations qui ne se couchent jamais. | AC12: constellation | AH12: 10 | AI12: 7 | AJ12: 5 | AK12: 0 | AL12: 0 | AM12: 5°00′00″ | AN12: 3 | AO12: 30 | AP12: 0 | AQ12: 3°30′00″ | AR12: 10,00 × 7,00 (5°00′00″ × 3°30′00″)
A13: card | B13: astronomes-en-herbe | E13: aeh-coathanger | F13: Amas du Cintre | G13: Uncommon | H13: 1 | I13: coathanger | J13: observation-default | K13: Amas du Cintre | L13: Collinder | M13: Cr 399 | N13: deep_sky | O13: Asterisme | P13: Petit Renard | Q13: Ete | R13: 19 | S13: 26 | T13: 0 | U13: AD 19h 26m 00,0s | V13: + | W13: 20 | X13: 11 | Y13: 0 | Z13: +20° 11′ 00″ | AA13: AD 19h 26m 00,0s ; Dec +20° 11′ 00″ | AB13: Astérisme amusant en forme de cintre, facile à observer aux jumelles sous un bon ciel. | AC13: deep_sky | AD13: 420 | AE13: 420 annees-lumiere | AF13: 30 | AG13: 30 annees-lumiere | AH13: 2.5 | AI13: 1.3 | AJ13: 1 | AK13: 16 | AL13: 0 | AM13: 1°16′00″ | AN13: 0 | AO13: 40 | AP13: 0 | AQ13: 0°40′00″ | AR13: 2,50 × 1,30 (1°16′00″ × 0°40′00″) | AS13: -1 | AT13: -1 | AU13: 3.6 | AV13: 3.6
A14: card | B14: astronomes-en-herbe | E14: aeh-comet-neowise | F14: Comète C/2020 F3 NEOWISE | G14: Epic | H14: 1 | I14: comet_neowise | J14: observation-default | K14: Comète C/2020 F3 NEOWISE | L14: Comet | M14: C/2020 F3 | N14: sky_event | O14: Comete non periodique | P14: Variable | Q14: Ete | R14: 0 | S14: 0 | T14: 0 | U14: AD 00h 00m 00,0s | V14: + | W14: 0 | X14: 0 | Y14: 0 | Z14: +00° 00′ 00″ | AA14: AD 00h 00m 00,0s ; Dec +00° 00′ 00″ | AB14: Comète très médiatisée en 2020, connue pour sa belle queue visible à l'oeil nu. | AC14: sky_event | AU14: 0.9 | AV14: mag. 0,9 max. 2020
A15: card | B15: astronomes-en-herbe | E15: aeh-cygne | F15: Cygne | G15: Common | H15: 1 | I15: cygnus_constellation | J15: observation-default | K15: Cygne | L15: IAU | M15: CYG | N15: constellation | O15: Constellation | P15: Cygne | Q15: Ete | R15: 20 | S15: 30 | T15: 0 | U15: AD 20h 30m 00,0s | V15: + | W15: 42 | X15: 0 | Y15: 0 | Z15: +42° 00′ 00″ | AA15: AD 20h 30m 00,0s ; Dec +42° 00′ 00″ | AB15: Grande constellation en croix, bien visible l'été le long de la Voie lactée. | AC15: constellation | AH15: 12 | AI15: 9 | AJ15: 6 | AK15: 0 | AL15: 0 | AM15: 6°00′00″ | AN15: 4 | AO15: 30 | AP15: 0 | AQ15: 4°30′00″ | AR15: 12,00 × 9,00 (6°00′00″ × 4°30′00″)
A16: card | B16: astronomes-en-herbe | E16: aeh-double-cluster | F16: Double Amas de Persée | G16: Common | H16: 1 | I16: double_cluster | J16: observation-default | K16: Double Amas de Persée | L16: Caldwell | M16: C14 | N16: deep_sky | O16: Double amas ouvert | P16: Persee | Q16: Automne | R16: 2 | S16: 21 | T16: 0 | U16: AD 02h 21m 00,0s | V16: + | W16: 57 | X16: 8 | Y16: 0 | Z16: +57° 08′ 00″ | AA16: AD 02h 21m 00,0s ; Dec +57° 08′ 00″ | AB16: Deux amas d'étoiles serrés l'un contre l'autre, célèbres pour leur beau rendu aux jumelles. | AC16: deep_sky | AD16: 7500 | AE16: 7 500 annees-lumiere | AF16: 70 | AG16: 70 annees-lumiere | AH16: 2 | AI16: 1 | AJ16: 1 | AK16: 0 | AL16: 0 | AM16: 1°00′00″ | AN16: 0 | AO16: 30 | AP16: 0 | AQ16: 0°30′00″ | AR16: 2,00 × 1,00 (1°00′00″ × 0°30′00″) | AS16: -3.7 | AT16: -3.7 | AU16: 3.7 | AV16: 3.7 / 3.8
A17: card | B17: astronomes-en-herbe | E17: aeh-gemeaux | F17: Gémeaux | G17: Common | H17: 1 | I17: gemini_constellation | J17: observation-default | K17: Gémeaux | L17: IAU | M17: GEM | N17: constellation | O17: Constellation | P17: Gemeaux | Q17: Hiver | R17: 7 | S17: 0 | T17: 0 | U17: AD 07h 00m 00,0s | V17: + | W17: 22 | X17: 0 | Y17: 0 | Z17: +22° 00′ 00″ | AA17: AD 07h 00m 00,0s ; Dec +22° 00′ 00″ | AB17: Constellation marquée par Castor et Pollux, facile à identifier en hiver. | AC17: constellation | AH17: 9 | AI17: 6 | AJ17: 4 | AK17: 30 | AL17: 0 | AM17: 4°30′00″ | AN17: 3 | AO17: 0 | AP17: 0 | AQ17: 3°00′00″ | AR17: 9,00 × 6,00 (4°30′00″ × 3°00′00″)
A18: card | B18: astronomes-en-herbe | E18: aeh-geminids | F18: Géminides | G18: Uncommon | H18: 1 | I18: geminids_meteor_shower | J18: observation-default | K18: Géminides | L18: IMO | M18: GEM | N18: sky_event | O18: Essaim d'etoiles filantes | P18: Gemeaux | Q18: Hiver | R18: 7 | S18: 30 | T18: 0 | U18: AD 07h 30m 00,0s | V18: + | W18: 32 | X18: 0 | Y18: 0 | Z18: +32° 00′ 00″ | AA18: AD 07h 30m 00,0s ; Dec +32° 00′ 00″ | AB18: Pluie d'étoiles filantes très active de décembre, connue pour ses nombreux météores brillants. | AC18: sky_event | AH18: 180 | AI18: 90 | AJ18: 90 | AK18: 0 | AL18: 0 | AM18: 90°00′00″ | AN18: 45 | AO18: 0 | AP18: 0 | AQ18: 45°00′00″ | AR18: 180,00 × 90,00 (90°00′00″ × 45°00′00″)
A19: card | B19: astronomes-en-herbe | E19: aeh-comet-halley | F19: Comète de Halley | G19: Epic | H19: 1 | I19: halley_comet | J19: observation-default | K19: Comète de Halley | L19: Periodic Comet | M19: 1P/Halley | N19: sky_event | O19: Comete periodique | P19: Variable | Q19: Variable | R19: 0 | S19: 0 | T19: 0 | U19: AD 00h 00m 00,0s | V19: + | W19: 0 | X19: 0 | Y19: 0 | Z19: +00° 00′ 00″ | AA19: AD 00h 00m 00,0s ; Dec +00° 00′ 00″ | AB19: Comète la plus célèbre du ciel, connue pour revenir environ tous les 76 ans. | AC19: sky_event | AU19: 2.1 | AV19: mag. 2,1 max. 1986
A20: card | B20: astronomes-en-herbe | E20: aeh-hyades | F20: Hyades | G20: Common | H20: 1 | I20: hyades | J20: observation-default | K20: Hyades | L20: Melotte | M20: Mel 25 | N20: deep_sky | O20: Amas ouvert | P20: Taureau | Q20: Hiver | R20: 4 | S20: 27 | T20: 0 | U20: AD 04h 27m 00,0s | V20: + | W20: 16 | X20: 0 | Y20: 0 | Z20: +16° 00′ 00″ | AA20: AD 04h 27m 00,0s ; Dec +16° 00′ 00″ | AB20: Nymphes des pluies dans la mythologie grec, c'est un grand amas d'étoiles dans la constellation du Taureau formant un V, très facile à voir à l'oeil nu. | AC20: deep_sky | AD20: 153 | AE20: 153 annees-lumiere | AF20: 75 | AG20: 75 annees-lumiere | AH20: 11 | AI20: 5 | AJ20: 5 | AK20: 30 | AL20: 0 | AM20: 5°30′00″ | AN20: 2 | AO20: 30 | AP20: 0 | AQ20: 2°30′00″ | AR20: 11,00 × 5,00 (5°30′00″ × 2°30′00″) | AS20: -2.7 | AT20: -2.7 | AU20: 0.5 | AV20: 0.5
A21: card | B21: astronomes-en-herbe | E21: aeh-leonids | F21: Léonides | G21: Uncommon | H21: 1 | I21: leonids_meteor_shower | J21: observation-default | K21: Léonides | L21: IMO | M21: LEO | N21: sky_event | O21: Essaim d'etoiles filantes | P21: Lion | Q21: Automne | R21: 10 | S21: 8 | T21: 0 | U21: AD 10h 08m 00,0s | V21: + | W21: 22 | X21: 0 | Y21: 0 | Z21: +22° 00′ 00″ | AA21: AD 10h 08m 00,0s ; Dec +22° 00′ 00″ | AB21: Pluie d'étoiles filantes de novembre dont le radiant se trouve dans la constellation du Lion. | AC21: sky_event | AH21: 174.19 | AI21: 87.1 | AJ21: 90 | AK21: 0 | AL21: 0 | AM21: 90°00′00″ | AN21: 45 | AO21: 0 | AP21: 0 | AQ21: 45°00′00″ | AR21: 174,19 × 87,10 (90°00′00″ × 45°00′00″)
A22: card | B22: astronomes-en-herbe | E22: aeh-lyre-constellation | F22: Lyre | G22: Common | H22: 1 | I22: lyra_constellation | J22: observation-default | K22: Lyre | L22: IAU | M22: LYR | N22: constellation | O22: Constellation | P22: Lyre | Q22: Ete | R22: 18 | S22: 50 | T22: 0 | U22: AD 18h 50m 00,0s | V22: + | W22: 36 | X22: 40 | Y22: 0 | Z22: +36° 40′ 00″ | AA22: AD 18h 50m 00,0s ; Dec +36° 40′ 00″ | AB22: Petite constellation facile à retrouver grâce à Véga, très connue en été. | AC22: constellation | AH22: 7.74 | AI22: 5.81 | AJ22: 4 | AK22: 0 | AL22: 0 | AM22: 4°00′00″ | AN22: 3 | AO22: 0 | AP22: 0 | AQ22: 3°00′00″ | AR22: 7,74 × 5,81 (4°00′00″ × 3°00′00″)
A23: card | B23: astronomes-en-herbe | E23: aeh-m11-wild-duck | F23: Amas du Canard Sauvage | G23: Uncommon | H23: 1 | I23: m11_wild_duck_cluster | J23: observation-default | K23: Amas du Canard Sauvage | L23: Messier | M23: M11 | N23: deep_sky | O23: Amas ouvert | P23: Ecu | Q23: Ete | R23: 18 | S23: 51 | T23: 6 | U23: AD 18h 51m 06,0s | V23: - | W23: 6 | X23: 16 | Y23: 0 | Z23: -06° 16′ 00″ | AA23: AD 18h 51m 06,0s ; Dec -06° 16′ 00″ | AB23: Amas ouvert très dense, célèbre pour son aspect compact dans des jumelles. | AC23: deep_sky | AD23: 6120 | AE23: 6 120 annees-lumiere | AF23: 20 | AG23: 20 annees-lumiere | AH23: 0.45 | AI23: 0.45 | AJ23: 0 | AK23: 14 | AL23: 0 | AM23: 0°14′00″ | AN23: 0 | AO23: 14 | AP23: 0 | AQ23: 0°14′00″ | AR23: 0,45 × 0,45 (0°14′00″ × 0°14′00″) | AS23: -6.3 | AT23: -6.3 | AU23: 5.8 | AV23: 5.8
A24: card | B24: astronomes-en-herbe | E24: aeh-m13-hercules | F24: Grand amas d'Hercule | G24: Uncommon | H24: 1 | I24: m13_hercules | J24: observation-default | K24: Grand amas d'Hercule | L24: Messier | M24: M13 | N24: deep_sky | O24: Amas globulaire | P24: Hercule | Q24: Ete | R24: 16 | S24: 41 | T24: 41 | U24: AD 16h 41m 41,0s | V24: + | W24: 36 | X24: 28 | Y24: 0 | Z24: +36° 28′ 00″ | AA24: AD 16h 41m 41,0s ; Dec +36° 28′ 00″ | AB24: Amas globulaire très connu de l'hémisphère nord, facile à trouver entre les étoiles d'Hercule. | AC24: deep_sky | AD24: 25000 | AE24: 25 000 annees-lumiere | AF24: 145 | AG24: 145 annees-lumiere | AH24: 0.65 | AI24: 0.65 | AJ24: 0 | AK24: 20 | AL24: 0 | AM24: 0°20′00″ | AN24: 0 | AO24: 20 | AP24: 0 | AQ24: 0°20′00″ | AR24: 0,65 × 0,65 (0°20′00″ × 0°20′00″) | AS24: -8.5 | AT24: -8.5 | AU24: 5.8 | AV24: 5.8
A25: card | B25: astronomes-en-herbe | E25: aeh-m16-eagle | F25: Nébuleuse de l'Aigle | G25: Rare | H25: 1 | I25: m16_eagle_nebula | J25: observation-default | K25: Nébuleuse de l'Aigle | L25: Messier | M25: M16 | N25: deep_sky | O25: Amas ouvert et nebuleuse | P25: Serpent | Q25: Ete | R25: 18 | S25: 18 | T25: 48 | U25: AD 18h 18m 48,0s | V25: - | W25: 13 | X25: 49 | Y25: 0 | Z25: -13° 49′ 00″ | AA25: AD 18h 18m 48,0s ; Dec -13° 49′ 00″ | AB25: Amas d'étoiles et nébuleuse au centre de laquelle se trouve les Piliers de la Création. | AC25: deep_sky | AD25: 5700 | AE25: 5 700 annees-lumiere | AF25: 70 | AG25: 70 annees-lumiere | AH25: 1.13 | AI25: 0.9 | AJ25: 0 | AK25: 35 | AL25: 0 | AM25: 0°35′00″ | AN25: 0 | AO25: 28 | AP25: 0 | AQ25: 0°28′00″ | AR25: 1,13 × 0,90 (0°35′00″ × 0°28′00″) | AS25: -6.4 | AT25: -6.4 | AU25: 6.4 | AV25: 6.4
A26: card | B26: astronomes-en-herbe | E26: aeh-m17-swan | F26: Nébuleuse Oméga | G26: Rare | H26: 1 | I26: m17_swan_nebula | J26: observation-default | K26: Nébuleuse Oméga | L26: Messier | M26: M17 | N26: deep_sky | O26: Nebuleuse diffuse | P26: Sagittaire | Q26: Ete | R26: 18 | S26: 20 | T26: 47 | U26: AD 18h 20m 47,0s | V26: - | W26: 16 | X26: 11 | Y26: 0 | Z26: -16° 11′ 00″ | AA26: AD 18h 20m 47,0s ; Dec -16° 11′ 00″ | AB26: Nébuleuse brillante de la Voie lactée d'été dont la forme se rapproche de la lettre grec Ω ou d'un fer à cheval. | AC26: deep_sky | AD26: 5500 | AE26: 5 500 annees-lumiere | AF26: 15 | AG26: 15 annees-lumiere | AH26: 0.65 | AI26: 0.48 | AJ26: 0 | AK26: 20 | AL26: 0 | AM26: 0°20′00″ | AN26: 0 | AO26: 15 | AP26: 0 | AQ26: 0°15′00″ | AR26: 0,65 × 0,48 (0°20′00″ × 0°15′00″) | AS26: -5.8 | AT26: -5.8 | AU26: 6 | AV26: 6.0
A27: card | B27: astronomes-en-herbe | E27: aeh-m22-globular | F27: M22 | G27: Uncommon | H27: 1 | I27: m22_globular_cluster | J27: observation-default | K27: M22 | L27: Messier | M27: M22 | N27: deep_sky | O27: Amas globulaire | P27: Sagittaire | Q27: Ete | R27: 18 | S27: 36 | T27: 24 | U27: AD 18h 36m 24,0s | V27: - | W27: 23 | X27: 54 | Y27: 0 | Z27: -23° 54′ 00″ | AA27: AD 18h 36m 24,0s ; Dec -23° 54′ 00″ | AB27: Un des plus beaux amas globulaires du ciel, brillant et facile à trouver. | AC27: deep_sky | AD27: 10600 | AE27: 10 600 annees-lumiere | AF27: 100 | AG27: 100 annees-lumiere | AH27: 0.77 | AI27: 0.77 | AJ27: 0 | AK27: 24 | AL27: 0 | AM27: 0°24′00″ | AN27: 0 | AO27: 24 | AP27: 0 | AQ27: 0°24′00″ | AR27: 0,77 × 0,77 (0°24′00″ × 0°24′00″) | AS27: -8.5 | AT27: -8.5 | AU27: 5.1 | AV27: 5.1
A28: card | B28: astronomes-en-herbe | E28: aeh-m24-star-cloud | F28: Nuage stellaire du Sagittaire | G28: Common | H28: 1 | I28: m24_star_cloud | J28: observation-default | K28: Nuage Stellaire du Sagittaire | L28: Messier | M28: M24 | N28: deep_sky | O28: Nuage stellaire | P28: Sagittaire | Q28: Ete | R28: 18 | S28: 16 | T28: 48 | U28: AD 18h 16m 48,0s | V28: - | W28: 18 | X28: 29 | Y28: 0 | Z28: -18° 29′ 00″ | AA28: AD 18h 16m 48,0s ; Dec -18° 29′ 00″ | AB28: Zone très riche de la Voie lactée, ce n'est pas un véritablement un amas d'étoiles et est souvent considéré comme une erreur du Catalogue de Messier. | AC28: deep_sky | AD28: 10000 | AE28: 10 000 annees-lumiere | AF28: 600 | AG28: 600 annees-lumiere | AH28: 3.87 | AI28: 1.94 | AJ28: 2 | AK28: 0 | AL28: 0 | AM28: 2°00′00″ | AN28: 1 | AO28: 0 | AP28: 0 | AQ28: 1°00′00″ | AR28: 3,87 × 1,94 (2°00′00″ × 1°00′00″) | AU28: 2.5 | AV28: 2.5
A29: card | B29: astronomes-en-herbe | E29: aeh-m27-dumbbell | F29: Nébuleuse de l'Haltère | G29: Uncommon | H29: 1 | I29: m27_dumbbell | J29: observation-default | K29: Nébuleuse de l'Haltère | L29: Messier | M29: M27 | N29: deep_sky | O29: Nebuleuse planetaire | P29: Petit Renard | Q29: Ete | R29: 19 | S29: 59 | T29: 36 | U29: AD 19h 59m 36,0s | V29: + | W29: 22 | X29: 43 | Y29: 0 | Z29: +22° 43′ 00″ | AA29: AD 19h 59m 36,0s ; Dec +22° 43′ 00″ | AB29: Nébuleuse planétaire célèbre pour sa forme d'haltère, accessible avec un petit télescope. | AC29: deep_sky | AD29: 1360 | AE29: 1 360 annees-lumiere | AF29: 2.5 | AG29: 2,5 annees-lumiere | AH29: 0.27 | AI29: 0.18 | AJ29: 0 | AK29: 8 | AL29: 0 | AM29: 0°08′00″ | AN29: 0 | AO29: 5 | AP29: 0 | AQ29: 0°05′00″ | AR29: 0,27 × 0,18 (0°08′00″ × 0°05′00″) | AS29: -0.5 | AT29: -0.5 | AU29: 7.4 | AV29: 7.4
A30: card | B30: astronomes-en-herbe | E30: aeh-m31-andromeda | F30: Galaxie d'Andromède | G30: Common | H30: 1 | I30: m31_andromeda | J30: observation-default | K30: Galaxie d'Andromède | L30: Messier | M30: M31 | N30: deep_sky | O30: Galaxie spirale | P30: Andromede | Q30: Automne | R30: 0 | S30: 42 | T30: 44.3 | U30: AD 00h 42m 44,3s | V30: + | W30: 41 | X30: 16 | Y30: 9 | Z30: +41° 16′ 09″ | AA30: AD 00h 42m 44,3s ; Dec +41° 16′ 09″ | AB30: Grande galaxie voisine de la Voie lactée, c'est l'objet le plus lointain qui est visible à l'oeil nu sous un bon ciel. | AC30: deep_sky | AD30: 2540000 | AE30: 2 540 000 annees-lumiere | AF30: 220000 | AG30: 220 000 annees-lumiere | AH30: 6 | AI30: 2 | AJ30: 3 | AK30: 0 | AL30: 0 | AM30: 3°00′00″ | AN30: 1 | AO30: 0 | AP30: 0 | AQ30: 1°00′00″ | AR30: 6,00 × 2,00 (3°00′00″ × 1°00′00″) | AS30: -21.5 | AT30: -21.5 | AU30: 3.44 | AV30: 3.44
A31: card | B31: astronomes-en-herbe | E31: aeh-m33-triangulum | F31: Galaxie du Triangle | G31: Rare | H31: 1 | I31: m33_triangulum | J31: observation-default | K31: Galaxie du Triangle | L31: Messier | M31: M33 | N31: deep_sky | O31: Galaxie spirale | P31: Triangle | Q31: Automne | R31: 1 | S31: 33 | T31: 51 | U31: AD 01h 33m 51,0s | V31: + | W31: 30 | X31: 39 | Y31: 37 | Z31: +30° 39′ 37″ | AA31: AD 01h 33m 51,0s ; Dec +30° 39′ 37″ | AB31: Grande galaxie voisine du Groupe local, célèbre mais plus difficile à voir que M31 (galaxie d'Andromède). | AC31: deep_sky | AD31: 2730000 | AE31: 2 730 000 annees-lumiere | AF31: 60000 | AG31: 60 000 annees-lumiere | AH31: 2.3 | AI31: 1.5 | AJ31: 1 | AK31: 8 | AL31: 0 | AM31: 1°08′00″ | AN31: 0 | AO31: 45 | AP31: 0 | AQ31: 0°45′00″ | AR31: 2,30 × 1,50 (1°08′00″ × 0°45′00″) | AS31: -18.9 | AT31: -18.9 | AU31: 5.72 | AV31: 5.72
A32: card | B32: astronomes-en-herbe | E32: aeh-m37-open-cluster | F32: M37 | G32: Uncommon | H32: 1 | I32: m37_open_cluster | J32: observation-default | K32: M37 | L32: Messier | M32: M37 | N32: deep_sky | O32: Amas ouvert | P32: Cocher | Q32: Hiver | R32: 5 | S32: 52 | T32: 18 | U32: AD 05h 52m 18,0s | V32: + | W32: 32 | X32: 33 | Y32: 0 | Z32: +32° 33′ 00″ | AA32: AD 05h 52m 18,0s ; Dec +32° 33′ 00″ | AB32: Amas d'étoiles ouvert riche et serré, souvent considéré comme le plus beau trio du Cocher. | AC32: deep_sky | AD32: 4500 | AE32: 4 500 annees-lumiere | AF32: 25 | AG32: 25 annees-lumiere | AH32: 0.77 | AI32: 0.77 | AJ32: 0 | AK32: 24 | AL32: 0 | AM32: 0°24′00″ | AN32: 0 | AO32: 24 | AP32: 0 | AQ32: 0°24′00″ | AR32: 0,77 × 0,77 (0°24′00″ × 0°24′00″) | AS32: -5 | AT32: -5 | AU32: 6.2 | AV32: 6.2
A33: card | B33: astronomes-en-herbe | E33: aeh-m38-open-cluster | F33: M38 | G33: Uncommon | H33: 1 | I33: m38_open_cluster | J33: observation-default | K33: M38 | L33: Messier | M33: M38 | N33: deep_sky | O33: Amas ouvert | P33: Cocher | Q33: Hiver | R33: 5 | S33: 28 | T33: 42 | U33: AD 05h 28m 42,0s | V33: + | W33: 35 | X33: 51 | Y33: 0 | Z33: +35° 51′ 00″ | AA33: AD 05h 28m 42,0s ; Dec +35° 51′ 00″ | AB33: Amas d'étoiles ouvert large du Cocher, facile à compléter avec M36 et M37. | AC33: deep_sky | AD33: 4200 | AE33: 4 200 annees-lumiere | AF33: 25 | AG33: 25 annees-lumiere | AH33: 0.68 | AI33: 0.68 | AJ33: 0 | AK33: 21 | AL33: 0 | AM33: 0°21′00″ | AN33: 0 | AO33: 21 | AP33: 0 | AQ33: 0°21′00″ | AR33: 0,68 × 0,68 (0°21′00″ × 0°21′00″) | AS33: -4.2 | AT33: -4.2 | AU33: 7.4 | AV33: 7.4
A34: card | B34: astronomes-en-herbe | E34: aeh-m39-open-cluster | F34: M39 | G34: Common | H34: 1 | I34: m39_open_cluster | J34: observation-default | K34: M39 | L34: Messier | M34: M39 | N34: deep_sky | O34: Amas ouvert | P34: Cygne | Q34: Ete | R34: 21 | S34: 31 | T34: 48 | U34: AD 21h 31m 48,0s | V34: + | W34: 48 | X34: 26 | Y34: 0 | Z34: +48° 26′ 00″ | AA34: AD 21h 31m 48,0s ; Dec +48° 26′ 00″ | AB34: Amas d'étoiles ouvert large et détendu, facile aux jumelles dans le Cygne. | AC34: deep_sky | AD34: 1010 | AE34: 1 010 annees-lumiere | AF34: 7 | AG34: 7 annees-lumiere | AH34: 1.03 | AI34: 1.03 | AJ34: 0 | AK34: 32 | AL34: 0 | AM34: 0°32′00″ | AN34: 0 | AO34: 32 | AP34: 0 | AQ34: 0°32′00″ | AR34: 1,03 × 1,03 (0°32′00″ × 0°32′00″) | AS34: -4.2 | AT34: -4.2 | AU34: 4.6 | AV34: 4.6
A35: card | B35: astronomes-en-herbe | E35: aeh-m41-open-cluster | F35: M41 | G35: Common | H35: 1 | I35: m41_open_cluster | J35: observation-default | K35: M41 | L35: Messier | M35: M41 | N35: deep_sky | O35: Amas ouvert | P35: Grand Chien | Q35: Hiver | R35: 6 | S35: 47 | T35: 0 | U35: AD 06h 47m 00,0s | V35: - | W35: 20 | X35: 44 | Y35: 0 | Z35: -20° 44′ 00″ | AA35: AD 06h 47m 00,0s ; Dec -20° 44′ 00″ | AB35: Amas ouvert facile à trouver sous Sirius, joli aux jumelles. | AC35: deep_sky | AD35: 2300 | AE35: 2 300 annees-lumiere | AF35: 25 | AG35: 25 annees-lumiere | AH35: 1.23 | AI35: 1.23 | AJ35: 0 | AK35: 38 | AL35: 0 | AM35: 0°38′00″ | AN35: 0 | AO35: 38 | AP35: 0 | AQ35: 0°38′00″ | AR35: 1,23 × 1,23 (0°38′00″ × 0°38′00″) | AS35: -4.2 | AT35: -4.2 | AU35: 4.5 | AV35: 4.5
A36: card | B36: astronomes-en-herbe | E36: aeh-m42-orion-nebula | F36: Nébuleuse d'Orion | G36: Common | H36: 1 | I36: m42_orion_nebula | J36: observation-default | K36: Nébuleuse d'Orion | L36: Messier | M36: M42 | N36: deep_sky | O36: Nebuleuse par emission et reflexion | P36: Orion | Q36: Hiver | R36: 5 | S36: 35 | T36: 17.3 | U36: AD 05h 35m 17,3s | V36: - | W36: 5 | X36: 23 | Y36: 28 | Z36: -05° 23′ 28″ | AA36: AD 05h 35m 17,3s ; Dec -05° 23′ 28″ | AB36: Nébuleuse très célèbre sous la ceinture d'Orion et visible à l'œil nu. Elle est une cible privilégiée pour les astronomes débutants. | AC36: deep_sky | AD36: 1344 | AE36: 1 344 annees-lumiere | AF36: 24 | AG36: 24 annees-lumiere | AH36: 2.1 | AI36: 1.94 | AJ36: 1 | AK36: 5 | AL36: 0 | AM36: 1°05′00″ | AN36: 1 | AO36: 0 | AP36: 0 | AQ36: 1°00′00″ | AR36: 2,10 × 1,94 (1°05′00″ × 1°00′00″) | AS36: -4.1 | AT36: -4.1 | AU36: 4 | AV36: 4.0
A37: card | B37: astronomes-en-herbe | E37: aeh-m45-pleiades | F37: Pléïades | G37: Common | H37: 1 | I37: m45_pleiades | J37: observation-default | K37: Pléïades | L37: Messier | M37: M45 | N37: deep_sky | O37: Amas ouvert | P37: Taureau | Q37: Hiver | R37: 3 | S37: 47 | T37: 24 | U37: AD 03h 47m 24,0s | V37: + | W37: 24 | X37: 7 | Y37: 0 | Z37: +24° 07′ 00″ | AA37: AD 03h 47m 24,0s ; Dec +24° 07′ 00″ | AB37: Aussi appelé "Sept Sœurs" par les anglophones, on dit que cet amas d'étoiles ouvert servait de test d'acuité visuel dans l'Antiquité. | AC37: deep_sky | AD37: 444 | AE37: 444 annees-lumiere | AF37: 17.5 | AG37: 17,5 annees-lumiere | AH37: 3.67 | AI37: 3.67 | AJ37: 1 | AK37: 50 | AL37: 0 | AM37: 1°50′00″ | AN37: 1 | AO37: 50 | AP37: 0 | AQ37: 1°50′00″ | AR37: 3,67 × 3,67 (1°50′00″ × 1°50′00″) | AS37: -1.6 | AT37: -1.6 | AU37: 1.6 | AV37: 1.6
A38: card | B38: astronomes-en-herbe | E38: aeh-m46-open-cluster | F38: M46 | G38: Uncommon | H38: 1 | I38: m46_open_cluster | J38: observation-default | K38: M46 | L38: Messier | M38: M46 | N38: deep_sky | O38: Amas ouvert | P38: Poupe | Q38: Hiver | R38: 7 | S38: 41 | T38: 46 | U38: AD 07h 41m 46,0s | V38: - | W38: 14 | X38: 49 | Y38: 0 | Z38: -14° 49′ 00″ | AA38: AD 07h 41m 46,0s ; Dec -14° 49′ 00″ | AB38: Amas d'étoiles ouvert partageant le ciel avec un nébuleuse planétaire. Elles ne sont cependant pas physiquement au même endroit. | AC38: deep_sky | AD38: 4900 | AE38: 4 900 annees-lumiere | AF38: 30 | AG38: 30 annees-lumiere | AH38: 0.87 | AI38: 0.87 | AJ38: 0 | AK38: 27 | AL38: 0 | AM38: 0°27′00″ | AN38: 0 | AO38: 27 | AP38: 0 | AQ38: 0°27′00″ | AR38: 0,87 × 0,87 (0°27′00″ × 0°27′00″) | AS38: -6.1 | AT38: -6.1 | AU38: 6 | AV38: 6.0
A39: card | B39: astronomes-en-herbe | E39: aeh-m57-ring | F39: Nébuleuse de la Lyre | G39: Rare | H39: 1 | I39: m57_ring | J39: observation-default | K39: Nébuleuse de la Lyre | L39: Messier | M39: M57 | N39: deep_sky | O39: Nebuleuse planetaire | P39: Lyre | Q39: Ete | R39: 18 | S39: 53 | T39: 35 | U39: AD 18h 53m 35,0s | V39: + | W39: 33 | X39: 2 | Y39: 0 | Z39: +33° 02′ 00″ | AA39: AD 18h 53m 35,0s ; Dec +33° 02′ 00″ | AB39: Nébuleuse planétaire fameuse pour son anneau, facile à localiser entre les étoiles de la Lyre. | AC39: deep_sky | AD39: 2300 | AE39: 2 300 annees-lumiere | AF39: 1.3 | AG39: 1,3 annees-lumiere | AH39: 0.05 | AI39: 0.04 | AJ39: 0 | AK39: 1 | AL39: 24 | AM39: 0°01′24″ | AN39: 0 | AO39: 1 | AP39: 12 | AQ39: 0°01′12″ | AR39: 0,05 × 0,04 (0°01′24″ × 0°01′12″) | AS39: 0.7 | AT39: 0.7 | AU39: 8.8 | AV39: 8.8
A40: card | B40: astronomes-en-herbe | E40: aeh-m6-butterfly | F40: Amas du Papillon | G40: Uncommon | H40: 1 | I40: m6_butterfly_cluster | J40: observation-default | K40: Amas du Papillon | L40: Messier | M40: M6 | N40: deep_sky | O40: Amas ouvert | P40: Scorpion | Q40: Ete | R40: 17 | S40: 40 | T40: 12 | U40: AD 17h 40m 12,0s | V40: - | W40: 32 | X40: 13 | Y40: 0 | Z40: -32° 13′ 00″ | AA40: AD 17h 40m 12,0s ; Dec -32° 13′ 00″ | AB40: Amas ouvert célèbre pour sa forme de papillon. | AC40: deep_sky | AD40: 1600 | AE40: 1 600 annees-lumiere | AF40: 20 | AG40: 20 annees-lumiere | AH40: 0.81 | AI40: 0.81 | AJ40: 0 | AK40: 25 | AL40: 0 | AM40: 0°25′00″ | AN40: 0 | AO40: 25 | AP40: 0 | AQ40: 0°25′00″ | AR40: 0,81 × 0,81 (0°25′00″ × 0°25′00″) | AS40: -5.6 | AT40: -5.6 | AU40: 4.2 | AV40: 4.2
... A43: card | B43: astronomes-en-herbe | E43: aeh-m82-cigar | F43: Galaxie du Cigare | G43: Rare | H43: 1 | I43: m82_cigar | J43: observation-default | K43: Galaxie du Cigare | L43: Messier | M43: M82 | N43: deep_sky | O43: Galaxie irreguliere | P43: Grande Ourse | Q43: Printemps | R43: 9 | S43: 55 | T43: 53 | U43: AD 09h 55m 53,0s | V43: + | W43: 69 | X43: 41 | Y43: 0 | Z43: +69° 41′ 00″ | AA43: AD 09h 55m 53,0s ; Dec +69° 41′ 00″ | AB43: Galaxie célèbre pour sa forme allongée et son aspect contrasté, souvent observée avec M81. | AC43: deep_sky | AD43: 12000000 | AE43: 12 000 000 annees-lumiere | AF43: 37000 | AG43: 37 000 annees-lumiere | AH43: 0.37 | AI43: 0.15 | AJ43: 0 | AK43: 11 | AL43: 0 | AM43: 0°11′00″ | AN43: 0 | AO43: 4 | AP43: 30 | AQ43: 0°04′30″ | AR43: 0,37 × 0,15 (0°11′00″ × 0°04′30″) | AS43: -20 | AT43: -20 | AU43: 8.41 | AV43: 8.41
A44: card | B44: astronomes-en-herbe | E44: aeh-mira | F44: Mira | G44: Uncommon | H44: 1 | I44: mira | J44: observation-default | K44: Mira | L44: Bayer | M44: Omicron Ceti | N44: star | O44: Etoile variable a longue periode | P44: Baleine | Q44: Automne | R44: 2 | S44: 19 | T44: 21 | U44: AD 02h 19m 21,0s | V44: - | W44: 2 | X44: 58 | Y44: 40 | Z44: -02° 58′ 40″ | AA44: AD 02h 19m 21,0s ; Dec -02° 58′ 40″ | AB44: Étoile variable célèbre dont l'éclat change fortement, connue depuis des siècles. | AC44: star | AD44: 300 | AE44: 300 annees-lumiere | AF44: 0.001 | AG44: 0,001 annee-lumiere | AS44: -0.6 | AT44: -0.6 | AU44: 6.53 | AV44: 6.53
A45: card | B45: astronomes-en-herbe | E45: aeh-mizar-alcor | F45: Mizar et Alcor | G45: Common | H45: 1 | I45: mizar_alcor | J45: observation-default | K45: Mizar et Alcor | L45: Bayer | M45: Zeta UMa + 80 UMa | N45: star | O45: Double visuelle | P45: Grande Ourse | Q45: Printemps | R45: 13 | S45: 24 | T45: 0 | U45: AD 13h 24m 00,0s | V45: + | W45: 54 | X45: 56 | Y45: 0 | Z45: +54° 56′ 00″ | AA45: AD 13h 24m 00,0s ; Dec +54° 56′ 00″ | AB45: Couple d'étoiles célèbre, visible à l'oeil nu, longtemps utilisé pour tester la vue. | AC45: star | AD45: 83 | AE45: 83 annees-lumiere | AF45: 0.007 | AG45: 0,007 annee-lumiere | AS45: 2.2 | AT45: 2.2 | AU45: 1.85 | AV45: 1.85
A46: card | B46: astronomes-en-herbe | E46: aeh-ngc7000 | F46: Nébuleuse de l'Amerique du Nord | G46: Uncommon | H46: 1 | I46: ngc7000_north_america | J46: observation-default | K46: Nébuleuse de l'Amerique du Nord | L46: NGC | M46: NGC 7000 | N46: deep_sky | O46: Nebuleuse diffuse | P46: Cygne | Q46: Ete | R46: 20 | S46: 58 | T46: 54 | U46: AD 20h 58m 54,0s | V46: + | W46: 44 | X46: 20 | Y46: 0 | Z46: +44° 20′ 00″ | AA46: AD 20h 58m 54,0s ; Dec +44° 20′ 00″ | AB46: Grande nébuleuse connue pour sa forme rappelant l'Amérique du Nord, surtout belle en photo. | AC46: deep_sky | AD46: 2200 | AE46: 2 200 annees-lumiere | AF46: 100 | AG46: 100 annees-lumiere | AH46: 4 | AI46: 3.5 | AJ46: 2 | AK46: 0 | AL46: 0 | AM46: 2°00′00″ | AN46: 1 | AO46: 45 | AP46: 0 | AQ46: 1°45′00″ | AR46: 4,00 × 3,50 (2°00′00″ × 1°45′00″) | AS46: -6 | AT46: -6 | AU46: 4 | AV46: 4.0
A47: card | B47: astronomes-en-herbe | E47: aeh-orion-constellation | F47: Orion | G47: Common | H47: 1 | I47: orion_constellation | J47: observation-default | K47: Orion | L47: IAU | M47: ORI | N47: constellation | O47: Constellation | P47: Orion | Q47: Hiver | R47: 5 | S47: 30 | T47: 0 | U47: AD 05h 30m 00,0s | V47: + | W47: 5 | X47: 0 | Y47: 0 | Z47: +05° 00′ 00″ | AA47: AD 05h 30m 00,0s ; Dec +05° 00′ 00″ | AB47: Constellation très reconnaissable grâce à sa ceinture de trois étoiles alignées, idéale pour débuter. | AC47: constellation | AH47: 16 | AI47: 15 | AJ47: 8 | AK47: 0 | AL47: 0 | AM47: 8°00′00″ | AN47: 7 | AO47: 30 | AP47: 0 | AQ47: 7°30′00″ | AR47: 16,00 × 15,00 (8°00′00″ × 7°30′00″)
A48: card | B48: astronomes-en-herbe | E48: aeh-perseids | F48: Perséïdes | G48: Common | H48: 1 | I48: perseids_meteor_shower | J48: observation-default | K48: Perséïdes | L48: IMO | M48: PER | N48: sky_event | O48: Essaim d'etoiles filantes | P48: Persee | Q48: Ete | R48: 3 | S48: 4 | T48: 0 | U48: AD 03h 04m 00,0s | V48: + | W48: 58 | X48: 0 | Y48: 0 | Z48: +58° 00′ 00″ | AA48: AD 03h 04m 00,0s ; Dec +58° 00′ 00″ | AB48: Pluie d'étoiles filantes très populaire d'août. | AC48: sky_event | AH48: 180 | AI48: 90 | AJ48: 90 | AK48: 0 | AL48: 0 | AM48: 90°00′00″ | AN48: 45 | AO48: 0 | AP48: 0 | AQ48: 45°00′00″ | AR48: 180,00 × 90,00 (90°00′00″ × 45°00′00″)
A49: card | B49: astronomes-en-herbe | E49: aeh-persee-constellation | F49: Persée | G49: Common | H49: 1 | I49: perseus_constellation | J49: observation-default | K49: Persée | L49: IAU | M49: PER | N49: constellation | O49: Constellation | P49: Persee | Q49: Automne | R49: 3 | S49: 10 | T49: 0 | U49: AD 03h 10m 00,0s | V49: + | W49: 45 | X49: 0 | Y49: 0 | Z49: +45° 00′ 00″ | AA49: AD 03h 10m 00,0s ; Dec +45° 00′ 00″ | AB49: Constellation du nord célèbre pour le Double Amas et les Perséides. | AC49: constellation | AH49: 15.48 | AI49: 11.61 | AJ49: 8 | AK49: 0 | AL49: 0 | AM49: 8°00′00″ | AN49: 6 | AO49: 0 | AP49: 0 | AQ49: 6°00′00″ | AR49: 15,48 × 11,61 (8°00′00″ × 6°00′00″)
A50: card | B50: astronomes-en-herbe | E50: aeh-polaris | F50: Étoile Polaire | G50: Common | H50: 1 | I50: polaris | J50: observation-default | K50: Étoile Polaire | L50: Bayer | M50: Alpha Ursae Minoris | N50: star | O50: Supergeante jaune | P50: Petite Ourse | Q50: Toute annee | R50: 2 | S50: 31 | T50: 49 | U50: AD 02h 31m 49,0s | V50: + | W50: 89 | X50: 15 | Y50: 51 | Z50: +89° 15′ 51″ | AA50: AD 02h 31m 49,0s ; Dec +89° 15′ 51″ | AB50: Étoile proche du pôle nord céleste, connue car elle indique le nord. | AC50: star | AD50: 433 | AE50: 433 annees-lumiere | AF50: 0.0005 | AG50: 0,0005 annee-lumiere | AS50: -3.6 | AT50: -3.6 | AU50: 2.02 | AV50: 2.02
A51: card | B51: astronomes-en-herbe | E51: aeh-sirius | F51: Sirius | G51: Common | H51: 1 | I51: sirius | J51: observation-default | K51: Sirius | L51: Bayer | M51: Alpha Canis Majoris | N51: star | O51: Etoile binaire | P51: Grand Chien | Q51: Hiver | R51: 6 | S51: 45 | T51: 8.9 | U51: AD 06h 45m 08,9s | V51: - | W51: 16 | X51: 42 | Y51: 58 | Z51: -16° 42′ 58″ | AA51: AD 06h 45m 08,9s ; Dec -16° 42′ 58″ | AB51: Étoile la plus brillante du ciel nocturne, très facile à repérer en hiver. | AC51: star | AD51: 8.6 | AE51: 8,6 annees-lumiere | AF51: 2.5e-07 | AG51: 0,00000025 annee-lumiere | AS51: 1.42 | AT51: 1.42 | AU51: -1.46 | AV51: -1.46
A52: card | B52: astronomes-en-herbe | E52: aeh-grande-ourse | F52: Grande Ourse | G52: Common | H52: 1 | I52: ursa_major_constellation | J52: observation-default | K52: Grande Ourse | L52: IAU | M52: UMA | N52: constellation | O52: Constellation | P52: Grande Ourse | Q52: Printemps | R52: 11 | S52: 0 | T52: 0 | U52: AD 11h 00m 00,0s | V52: + | W52: 56 | X52: 0 | Y52: 0 | Z52: +56° 00′ 00″ | AA52: AD 11h 00m 00,0s ; Dec +56° 00′ 00″ | AB52: Constellation très célèbre avec la Grande Casserole, idéale pour apprendre le ciel. | AC52: constellation | AH52: 23.23 | AI52: 15.48 | AJ52: 12 | AK52: 0 | AL52: 0 | AM52: 12°00′00″ | AN52: 8 | AO52: 0 | AP52: 0 | AQ52: 8°00′00″ | AR52: 23,23 × 15,48 (12°00′00″ × 8°00′00″)
A53: extension | B53: systeme-solaire | C53: Système solaire | D53: cover_systeme_solaire
A54: card | B54: systeme-solaire | E54: ss-mercury | F54: Mercure | G54: Rare | H54: 1 | I54: planet_mercury | J54: observation-default | K54: Mercure | L54: Planète | M54: 1 | N54: solar_system | O54: Planète tellurique | Q54: Toute l'année | U54: AD variable | Z54: Dec variable | AA54: Position variable selon la date | AB54: Plus petite planète du Système solaire et la plus proche du Soleil, Mercure présente de grands écarts de température. | AC54: solar_system | AD54: 0.39 | AE54: 0,39 UA du Soleil | AF54: 4879 | AG54: 4 879 km | AR54: Variable / non applicable | AS54: -2 | AT54: mag. -2,0 max. | AU54: -2.5 | AV54: mag. -2,5 max.
A55: card | B55: systeme-solaire | E55: ss-venus | F55: Vénus | G55: Rare | H55: 1 | I55: planet_venus | J55: observation-default | K55: Vénus | L55: Planète | M55: 2 | N55: solar_system | O55: Planète tellurique | Q55: Toute l'année | U55: AD variable | Z55: Dec variable | AA55: Position variable selon la date | AB55: Planète très brillante au ciel du soir ou du matin, enveloppée d’une épaisse atmosphère riche en dioxyde de carbone. | AC55: solar_system | AD55: 0.72 | AE55: 0,72 UA du Soleil | AF55: 12104 | AG55: 12 104 km | AR55: Variable / non applicable | AS55: -4.9 | AT55: mag. -4,9 max. | AU55: -4.9 | AV55: mag. -4,9 max.
A56: card | B56: systeme-solaire | E56: ss-earth | F56: Terre | G56: Epic | H56: 1 | I56: planet_earth | J56: observation-default | K56: Terre | L56: Planète | M56: 3 | N56: solar_system | O56: Planète tellurique | Q56: Toute l'année | U56: AD variable | Z56: Dec variable | AA56: Position variable selon la date | AB56: Notre planète, seule connue pour abriter la vie, avec des océans liquides et une atmosphère protectrice. | AC56: solar_system | AD56: 1 | AE56: 1 UA du Soleil | AF56: 12742 | AG56: 12 742 km | AR56: Variable / non applicable
A57: card | B57: systeme-solaire | E57: ss-mars | F57: Mars | G57: Epic | H57: 1 | I57: planet_mars | J57: observation-default | K57: Mars | L57: Planète | M57: 4 | N57: solar_system | O57: Planète tellurique | Q57: Variable | U57: AD variable | Z57: Dec variable | AA57: Position variable selon la date | AB57: Planète rouge aux calottes polaires, aux volcans géants et aux traces d’anciens écoulements d’eau. | AC57: solar_system | AD57: 1.52 | AE57: 1,52 UA du Soleil | AF57: 6779 | AG57: 6 779 km | AR57: Variable / non applicable | AS57: -2.9 | AT57: mag. -2,9 max. | AU57: -2.9 | AV57: mag. -2,9 max.
A58: card | B58: systeme-solaire | E58: ss-jupiter | F58: Jupiter | G58: Epic | H58: 1 | I58: planet_jupiter | J58: observation-default | K58: Jupiter | L58: Planète | M58: 5 | N58: solar_system | O58: Géante gazeuse | Q58: Variable | U58: AD variable | Z58: Dec variable | AA58: Position variable selon la date | AB58: Plus grande planète du Système solaire, Jupiter domine par ses bandes nuageuses et ses nombreux satellites. | AC58: solar_system | AD58: 5.2 | AE58: 5,2 UA du Soleil | AF58: 139820 | AG58: 139 820 km | AR58: Variable / non applicable | AS58: -2.9 | AT58: mag. -2,9 max. | AU58: -2.9 | AV58: mag. -2,9 max.
A59: card | B59: systeme-solaire | E59: ss-saturn | F59: Saturne | G59: Epic | H59: 1 | I59: planet_saturn | J59: observation-default | K59: Saturne | L59: Planète | M59: 6 | N59: solar_system | O59: Géante gazeuse annelée | Q59: Variable | U59: AD variable | Z59: Dec variable | AA59: Position variable selon la date | AB59: Géante gazeuse célèbre pour son vaste système d’anneaux et ses nombreuses lunes glacées. | AC59: solar_system | AD59: 9.58 | AE59: 9,58 UA du Soleil | AF59: 116460 | AG59: 116 460 km | AR59: Variable / non applicable | AS59: -0.5 | AT59: mag. -0,5 max. | AU59: -0.5 | AV59: mag. -0,5 max.
A60: card | B60: systeme-solaire | E60: ss-uranus | F60: Uranus | G60: Rare | H60: 1 | I60: planet_uranus | J60: observation-default | K60: Uranus | L60: Planète | M60: 7 | N60: solar_system | O60: Géante de glace | Q60: Variable | U60: AD variable | Z60: Dec variable | AA60: Position variable selon la date | AB60: Géante de glace inclinée sur le côté, à l’atmosphère bleu-vert dominée par l’hydrogène, l’hélium et le méthane. | AC60: solar_system | AD60: 19.2 | AE60: 19,2 UA du Soleil | AF60: 50724 | AG60: 50 724 km | AR60: Variable / non applicable | AS60: 5.3 | AT60: mag. 5,3 max. | AU60: 5.4 | AV60: mag. 5,4 max.
A61: card | B61: systeme-solaire | E61: ss-neptune | F61: Neptune | G61: Rare | H61: 1 | I61: planet_neptune | J61: observation-default | K61: Neptune | L61: Planète | M61: 8 | N61: solar_system | O61: Géante de glace | Q61: Variable | U61: AD variable | Z61: Dec variable | AA61: Position variable selon la date | AB61: Planète géante de glace lointaine, connue pour ses vents extrêmement rapides et sa couleur bleue profonde. | AC61: solar_system | AD61: 30.06 | AE61: 30,06 UA du Soleil | AF61: 49244 | AG61: 49 244 km | AR61: Variable / non applicable | AS61: 7.7 | AT61: mag. 7,7 max. | AU61: 7.7 | AV61: mag. 7,7 max.
A62: card | B62: systeme-solaire | E62: ss-ceres | F62: Cérès | G62: Common | H62: 1 | I62: dwarf_ceres | J62: observation-default | K62: Cérès | L62: Planète naine | M62: 1 | N62: solar_system | O62: Planète naine | Q62: Variable | U62: AD variable | Z62: Dec variable | AA62: Position variable selon la date | AB62: Plus grand objet de la ceinture d’astéroïdes, Cérès est une planète naine visitée par la sonde Dawn. | AC62: solar_system | AD62: 2.77 | AE62: 2,77 UA du Soleil | AF62: 940 | AG62: 940 km | AR62: Variable / non applicable | AS62: 6.7 | AT62: mag. 6,7 max. | AU62: 6.7 | AV62: mag. 6,7 max.
A63: card | B63: systeme-solaire | E63: ss-pluto | F63: Pluton | G63: Uncommon | H63: 1 | I63: dwarf_pluto | J63: observation-default | K63: Pluton | L63: Planète naine | M63: 2 | N63: solar_system | O63: Planète naine | Q63: Variable | U63: AD variable | Z63: Dec variable | AA63: Position variable selon la date | AB63: Planète naine glacée de la ceinture de Kuiper, célèbre pour son survol par New Horizons et ses terrains contrastés. | AC63: solar_system | AD63: 39.48 | AE63: 39,48 UA du Soleil | AF63: 2377 | AG63: 2 377 km | AR63: Variable / non applicable | AS63: 13.7 | AT63: mag. 13,7 max. | AU63: 13.8 | AV63: mag. 13,8 max.
A64: card | B64: systeme-solaire | E64: ss-makemake | F64: Makémaké | G64: Common | H64: 1 | I64: dwarf_makemake | J64: observation-default | K64: Makémaké | L64: Planète naine | M64: 4 | N64: solar_system | O64: Planète naine | Q64: Variable | U64: AD variable | Z64: Dec variable | AA64: Position variable selon la date | AB64: Planète naine lointaine de la ceinture de Kuiper, recouverte de glaces très froides riches en méthane. | AC64: solar_system | AD64: 45.79 | AE64: 45,79 UA du Soleil | AF64: 1430 | AG64: ~1 430 km | AR64: Variable / non applicable | AS64: 16.7 | AT64: mag. 16,7 max. | AU64: 16.9 | AV64: mag. 16,9 max.
A65: card | B65: systeme-solaire | E65: ss-eris | F65: Éris | G65: Common | H65: 1 | I65: dwarf_eris | J65: observation-default | K65: Éris | L65: Planète naine | M65: 5 | N65: solar_system | O65: Planète naine | Q65: Variable | U65: AD variable | Z65: Dec variable | AA65: Position variable selon la date | AB65: Planète naine très lointaine dont la découverte a contribué à redéfinir le statut de Pluton. | AC65: solar_system | AD65: 67.67 | AE65: 67,67 UA du Soleil | AF65: 2326 | AG65: 2 326 km | AR65: Variable / non applicable | AS65: 18.7 | AT65: mag. 18,7 max. | AU65: 18.4 | AV65: mag. 18,4 max.
A66: card | B66: systeme-solaire | E66: ss-moon | F66: Lune | G66: Epic | H66: 1 | I66: moon_earth | J66: observation-default | K66: Lune | L66: Satellite | M66: Luna | N66: solar_system | O66: Satellite naturel | Q66: Toute l'année | U66: AD variable | Z66: Dec variable | AA66: Position variable selon la date | AB66: Satellite naturel de la Terre, la Lune rythme les phases visibles et domine le ciel nocturne lorsqu’elle est pleine. | AC66: solar_system | AD66: 384400 | AE66: 384 400 km de la Terre | AF66: 3475 | AG66: 3 475 km | AR66: Variable / non applicable | AS66: -12.7 | AT66: mag. -12,7 max. | AU66: -12.9 | AV66: mag. -12,9 max.
A67: card | B67: systeme-solaire | E67: ss-phobos | F67: Phobos | G67: Rare | H67: 1 | I67: moon_phobos | J67: observation-default | K67: Phobos | L67: Satellite | M67: M I | N67: solar_system | O67: Satellite naturel martien | Q67: Variable | U67: AD variable | Z67: Dec variable | AA67: Position variable selon la date | AB67: Plus grand des deux satellites de Mars, Phobos orbite très près de la planète rouge. | AC67: solar_system | AD67: 9376 | AE67: 9 376 km de Mars | AF67: 22.5 | AG67: ~22,5 km | AR67: Variable / non applicable | AS67: 11.3 | AT67: mag. 11,3 max. | AU67: 10.4 | AV67: mag. 10,4 max.
A68: card | B68: systeme-solaire | E68: ss-deimos | F68: Déimos | G68: Uncommon | H68: 1 | I68: moon_deimos | J68: observation-default | K68: Déimos | L68: Satellite | M68: M II | N68: solar_system | O68: Satellite naturel martien | Q68: Variable | U68: AD variable | Z68: Dec variable | AA68: Position variable selon la date | AB68: Petit satellite externe de Mars, Déimos ressemble à un astéroïde sombre et irrégulier. | AC68: solar_system | AD68: 23463 | AE68: 23 463 km de Mars | AF68: 12.4 | AG68: ~12,4 km | AR68: Variable / non applicable | AS68: 12.4 | AT68: mag. 12,4 max. | AU68: 11.4 | AV68: mag. 11,4 max.
A69: card | B69: systeme-solaire | E69: ss-io | F69: Io | G69: Rare | H69: 1 | I69: moon_io | J69: observation-default | K69: Io | L69: Satellite | M69: J I | N69: solar_system | O69: Satellite galiléen | Q69: Variable | U69: AD variable | Z69: Dec variable | AA69: Position variable selon la date | AB69: Lune galiléenne très volcanique, Io est sans doute le monde le plus actif géologiquement du Système solaire. | AC69: solar_system | AD69: 421700 | AE69: 421 700 km de Jupiter | AF69: 3643 | AG69: 3 643 km | AR69: Variable / non applicable | AS69: 5 | AT69: mag. 5,0 max. | AU69: 4.8 | AV69: mag. 4,8 max.
A70: card | B70: systeme-solaire | E70: ss-europa | F70: Europe | G70: Rare | H70: 1 | I70: moon_europa | J70: observation-default | K70: Europe | L70: Satellite | M70: J II | N70: solar_system | O70: Satellite galiléen | Q70: Variable | U70: AD variable | Z70: Dec variable | AA70: Position variable selon la date | AB70: Lune galiléenne glacée, Europe pourrait abriter un océan liquide sous sa croûte de glace. | AC70: solar_system | AD70: 671100 | AE70: 671 100 km de Jupiter | AF70: 3122 | AG70: 3 122 km | AR70: Variable / non applicable | AS70: 5.3 | AT70: mag. 5,3 max. | AU70: 5.1 | AV70: mag. 5,1 max.
A71: card | B71: systeme-solaire | E71: ss-ganymede | F71: Ganymède | G71: Uncommon | H71: 1 | I71: moon_ganymede | J71: observation-default | K71: Ganymède | L71: Satellite | M71: J III | N71: solar_system | O71: Satellite galiléen | Q71: Variable | U71: AD variable | Z71: Dec variable | AA71: Position variable selon la date | AB71: Plus grande lune du Système solaire, Ganymède est même plus grande que la planète Mercure. | AC71: solar_system | AD71: 1070400 | AE71: 1 070 400 km de Jupiter | AF71: 5268 | AG71: 5 268 km | AR71: Variable / non applicable | AS71: 4.6 | AT71: mag. 4,6 max. | AU71: 4.4 | AV71: mag. 4,4 max.
A72: card | B72: systeme-solaire | E72: ss-callisto | F72: Callisto | G72: Uncommon | H72: 1 | I72: moon_callisto | J72: observation-default | K72: Callisto | L72: Satellite | M72: J IV | N72: solar_system | O72: Satellite galiléen | Q72: Variable | U72: AD variable | Z72: Dec variable | AA72: Position variable selon la date | AB72: Lune galiléenne très cratérisée, Callisto conserve une surface ancienne marquée par les impacts. | AC72: solar_system | AD72: 1882700 | AE72: 1 882 700 km de Jupiter | AF72: 4821 | AG72: 4 821 km | AR72: Variable / non applicable | AS72: 5.7 | AT72: mag. 5,7 max. | AU72: 5.5 | AV72: mag. 5,5 max.
A73: card | B73: systeme-solaire | E73: ss-titan | F73: Titan | G73: Rare | H73: 1 | I73: moon_titan | J73: observation-default | K73: Titan | L73: Satellite | M73: S VI | N73: solar_system | O73: Satellite naturel | Q73: Variable | U73: AD variable | Z73: Dec variable | AA73: Position variable selon la date | AB73: Plus grande lune de Saturne, Titan possède une atmosphère dense et des lacs d’hydrocarbures. | AC73: solar_system | AD73: 1221870 | AE73: 1 221 870 km de Saturne | AF73: 5150 | AG73: 5 150 km | AR73: Variable / non applicable | AS73: 8.2 | AT73: mag. 8,2 max. | AU73: 8.1 | AV73: mag. 8,1 max.
A74: card | B74: systeme-solaire | E74: ss-enceladus | F74: Encelade | G74: Uncommon | H74: 1 | I74: moon_enceladus | J74: observation-default | K74: Encelade | L74: Satellite | M74: S II | N74: solar_system | O74: Satellite naturel | Q74: Variable | U74: AD variable | Z74: Dec variable | AA74: Position variable selon la date | AB74: Petite lune glacée de Saturne, Encelade projette des panaches issus d’un océan souterrain probable. | AC74: solar_system | AD74: 237948 | AE74: 237 948 km de Saturne | AF74: 504 | AG74: 504 km | AR74: Variable / non applicable | AS74: 11.7 | AT74: mag. 11,7 max. | AU74: 11.5 | AV74: mag. 11,5 max.
A75: card | B75: systeme-solaire | E75: ss-mimas | F75: Mimas | G75: Common | H75: 1 | I75: moon_mimas | J75: observation-default | K75: Mimas | L75: Satellite | M75: S I | N75: solar_system | O75: Satellite naturel | Q75: Variable | U75: AD variable | Z75: Dec variable | AA75: Position variable selon la date | AB75: Lune de Saturne reconnaissable à son immense cratère Herschel, qui lui donne un aspect très marqué. | AC75: solar_system | AD75: 185539 | AE75: 185 539 km de Saturne | AF75: 396 | AG75: 396 km | AR75: Variable / non applicable | AS75: 12.9 | AT75: mag. 12,9 max. | AU75: 12.6 | AV75: mag. 12,6 max.
A76: card | B76: systeme-solaire | E76: ss-rhea | F76: Rhéa | G76: Common | H76: 1 | I76: moon_rhea | J76: observation-default | K76: Rhéa | L76: Satellite | M76: S V | N76: solar_system | O76: Satellite naturel | Q76: Variable | U76: AD variable | Z76: Dec variable | AA76: Position variable selon la date | AB76: Deuxième plus grande lune de Saturne, Rhéa est un monde glacé et fortement cratérisé. | AC76: solar_system | AD76: 527108 | AE76: 527 108 km de Saturne | AF76: 1528 | AG76: 1 528 km | AR76: Variable / non applicable | AS76: 9.7 | AT76: mag. 9,7 max. | AU76: 9.4 | AV76: mag. 9,4 max.
A77: card | B77: systeme-solaire | E77: ss-dione | F77: Dioné | G77: Common | H77: 1 | I77: moon_dione | J77: observation-default | K77: Dioné | L77: Satellite | M77: S IV | N77: solar_system | O77: Satellite naturel | Q77: Variable | U77: AD variable | Z77: Dec variable | AA77: Position variable selon la date | AB77: Lune glacée de Saturne, Dioné montre des falaises claires et une surface marquée par de nombreux impacts. | AC77: solar_system | AD77: 377400 | AE77: 377 400 km de Saturne | AF77: 1123 | AG77: 1 123 km | AR77: Variable / non applicable | AS77: 10.4 | AT77: mag. 10,4 max. | AU77: 10.1 | AV77: mag. 10,1 max.
... A88: card | B88: systeme-solaire | E88: ss-amalthea | F88: Amalthée | G88: Common | H88: 1 | I88: moon_amalthea | J88: observation-default | K88: Amalthée | L88: Satellite | M88: J V | N88: solar_system | O88: Satellite naturel intérieur | Q88: Variable | U88: AD variable | Z88: Dec variable | AA88: Position variable selon la date | AB88: Petite lune intérieure de Jupiter, Amalthée est rougeâtre et orbite à l’intérieur du système galiléen. | AC88: solar_system | AD88: 181400 | AE88: 181 400 km de Jupiter | AF88: 167 | AG88: ~167 km | AR88: Variable / non applicable | AS88: 14.1 | AT88: mag. 14,1 max. | AU88: 13.9 | AV88: mag. 13,9 max.
A89: card | B89: systeme-solaire | E89: ss-great-red-spot | F89: Grande Tache rouge | G89: Uncommon | H89: 1 | I89: feature_great_red_spot | J89: observation-default | K89: Grande Tâche rouge | L89: Phénomène | M89: JUP-GRS | N89: solar_system | O89: Anticyclone géant | Q89: Variable | U89: AD variable | Z89: Dec variable | AA89: Position variable selon la date | AB89: Immense anticyclone de l’atmosphère de Jupiter, la Grande Tache rouge est observée depuis plusieurs siècles. | AC89: solar_system | AE89: sur Jupiter | AF89: 16000 | AG89: ~16 000 km | AR89: Variable / non applicable
A90: card | B90: systeme-solaire | E90: ss-jupiter-rings | F90: Anneaux de Jupiter | G90: Uncommon | H90: 1 | I90: feature_jupiter_rings | J90: observation-default | K90: Anneaux de Jupiter | L90: Phénomène | M90: JUP-RING | N90: solar_system | O90: Système d’anneaux | Q90: Variable | U90: AD variable | Z90: Dec variable | AA90: Position variable selon la date | AB90: Système d’anneaux ténus et sombres autour de Jupiter, beaucoup plus discret que les anneaux de Saturne. | AC90: solar_system | AE90: autour de Jupiter | AF90: 100000 | AG90: ~100 000 km | AR90: Variable / non applicable
A91: card | B91: systeme-solaire | E91: ss-jupiter-auroras | F91: Aurores de Jupiter | G91: Rare | H91: 1 | I91: feature_jupiter_auroras | J91: observation-default | K91: Aurores de Jupiter | L91: Phénomène | M91: JUP-AUR | N91: solar_system | O91: Aurores polaires | Q91: Variable | U91: AD variable | Z91: Dec variable | AA91: Position variable selon la date | AB91: Aurores polaires intenses alimentées par le champ magnétique de Jupiter et par son environnement de particules. | AC91: solar_system | AE91: sur Jupiter | AF91: 20000 | AG91: ~20 000 km | AR91: Variable / non applicable
A92: card | B92: systeme-solaire | E92: ss-saturn-auroras | F92: Aurores de Saturne | G92: Rare | H92: 1 | I92: feature_saturn_auroras | J92: observation-default | K92: Aurores de Saturne | L92: Phénomène | M92: SAT-AUR | N92: solar_system | O92: Aurores polaires | Q92: Variable | U92: AD variable | Z92: Dec variable | AA92: Position variable selon la date | AB92: Aurores polaires de Saturne, produites par l’interaction entre le vent solaire et sa magnétosphère. | AC92: solar_system | AE92: sur Saturne | AF92: 20000 | AG92: ~20 000 km | AR92: Variable / non applicable
A93: card | B93: systeme-solaire | E93: ss-saturn-hexagon | F93: Hexagone de Saturne | G93: Common | H93: 1 | I93: feature_saturn_hexagon | J93: observation-default | K93: Hexagone de Saturne | L93: Phénomène | M93: SAT-HEX | N93: solar_system | O93: Structure atmosphérique | Q93: Variable | U93: AD variable | Z93: Dec variable | AA93: Position variable selon la date | AB93: Structure nuageuse hexagonale autour du pôle nord de Saturne, liée à un courant-jet atmosphérique. | AC93: solar_system | AE93: sur Saturne | AF93: 30000 | AG93: ~30 000 km | AR93: Variable / non applicable
A94: card | B94: systeme-solaire | E94: ss-enceladus-geysers | F94: Geysers d’Encelade | G94: Uncommon | H94: 1 | I94: feature_enceladus_geysers | J94: observation-default | K94: Geysers d’Encelade | L94: Phénomène | M94: ENC-GEY | N94: solar_system | O94: Panaches cryovolcaniques | Q94: Variable | U94: AD variable | Z94: Dec variable | AA94: Position variable selon la date | AB94: Panaches de glace et de vapeur projetés près du pôle sud d’Encelade, reliés à son océan interne. | AC94: solar_system | AE94: sur Encelade | AF94: 500 | AG94: ~500 km | AR94: Variable / non applicable
A95: card | B95: systeme-solaire | E95: ss-titan-seas | F95: Mers de Titan | G95: Common | H95: 1 | I95: feature_titan_seas | J95: observation-default | K95: Mers de Titan | L95: Phénomène | M95: TIT-SEA | N95: solar_system | O95: Mers d’hydrocarbures | Q95: Variable | U95: AD variable | Z95: Dec variable | AA95: Position variable selon la date | AB95: Mers et lacs d’hydrocarbures liquides à la surface de Titan, surtout près de ses régions polaires. | AC95: solar_system | AE95: sur Titan | AF95: 1170 | AG95: ~1 170 km | AR95: Variable / non applicable
A96: card | B96: systeme-solaire | E96: ss-olympus-mons | F96: Olympus Mons | G96: Uncommon | H96: 1 | I96: feature_olympus_mons | J96: observation-default | K96: Mont Olympe | L96: Relief | M96: MAR-OLY | N96: solar_system | O96: Volcan bouclier | Q96: Variable | U96: AD variable | Z96: Dec variable | AA96: Position variable selon la date | AB96: Plus haut volcan connu du Système solaire, Olympus Mons domine la surface martienne. | AC96: solar_system | AE96: sur Mars | AF96: 600 | AG96: ~600 km | AR96: Variable / non applicable
A97: card | B97: systeme-solaire | E97: ss-valles-marineris | F97: Valles Marineris | G97: Common | H97: 1 | I97: feature_valles_marineris | J97: observation-default | K97: Valles Marineris | L97: Relief | M97: MAR-VAL | N97: solar_system | O97: Système de canyons | Q97: Variable | U97: AD variable | Z97: Dec variable | AA97: Position variable selon la date | AB97: Gigantesque système de canyons martiens, bien plus long et profond que le Grand Canyon terrestre. | AC97: solar_system | AE97: sur Mars | AF97: 4000 | AG97: ~4 000 km | AR97: Variable / non applicable
A98: card | B98: systeme-solaire | E98: ss-mars-polar-caps | F98: Calottes polaires martiennes | G98: Rare | H98: 1 | I98: feature_mars_polar_caps | J98: observation-default | K98: Calottes polaires martiennes | L98: Relief | M98: MAR-POL | N98: solar_system | O98: Calottes polaires | Q98: Variable | U98: AD variable | Z98: Dec variable | AA98: Position variable selon la date | AB98: Calottes de glace d’eau et de dioxyde de carbone visibles aux pôles de Mars, changeant avec les saisons. | AC98: solar_system | AE98: sur Mars | AF98: 1000 | AG98: ~1 000 km | AR98: Variable / non applicable
A99: card | B99: systeme-solaire | E99: ss-mercury-caloris | F99: Bassin Caloris | G99: Common | H99: 1 | I99: feature_caloris_basin | J99: observation-default | K99: Bassin Caloris | L99: Relief | M99: MER-CAL | N99: solar_system | O99: Bassin d’impact | Q99: Variable | U99: AD variable | Z99: Dec variable | AA99: Position variable selon la date | AB99: Grand bassin d’impact de Mercure, formé par une collision majeure au début de l’histoire de la planète. | AC99: solar_system | AE99: sur Mercure | AF99: 1550 | AG99: ~1 550 km | AR99: Variable / non applicable
A100: card | B100: systeme-solaire | E100: ss-pluto-heart | F100: Tombaugh Region | G100: Common | H100: 1 | I100: feature_tombaugh_region | J100: observation-default | K100: Région Tombaugh | L100: Relief | M100: PLU-HEA | N100: solar_system | O100: Plaine glacée | Q100: Variable | U100: AD variable | Z100: Dec variable | AA100: Position variable selon la date | AB100: Grande région claire en forme de cœur sur Pluton, dont une partie correspond à la plaine glacée Sputnik Planitia. | AC100: solar_system | AE100: sur Pluton | AF100: 1600 | AG100: ~1 600 km | AR100: Variable / non applicable
A101: card | B101: systeme-solaire | E101: ss-ceres-occator | F101: Taches d’Occator | G101: Common | H101: 1 | I101: feature_occator_bright_spots | J101: observation-default | K101: Tâches d’Occator | L101: Relief | M101: CER-OCC | N101: solar_system | O101: Dépôts brillants | Q101: Variable | U101: AD variable | Z101: Dec variable | AA101: Position variable selon la date | AB101: Dépôts brillants du cratère Occator, probablement riches en sels laissés par une activité géologique passée. | AC101: solar_system | AE101: sur Cérès | AF101: 92 | AG101: ~92 km | AR101: Variable / non applicable

Sheet Equipements
A1: equipmentCardId | B1: equipmentType | C1: displayName | D1: level | E1: imageRef | F1: packsAffected | G1: bonusValue | H1: bonusUnit | I1: dropWeight | J1: description
A2: observatory-beginner | B2: observatory | C2: Abri d'observation | D2: 1 | E2: equipment_observatory_1 | F2: 2 | G2: 1.25 | H2: rechargeMultiplier | I2: 16 | J2: Accélère légèrement la recharge des packs.
A3: observatory-advanced | B3: observatory | C3: Dôme motorisé | D3: 2 | E3: equipment_observatory_2 | F3: 3 | G3: 1.5 | H3: rechargeMultiplier | I3: 10 | J3: Maintient une recharge plus rapide pendant plusieurs packs.
A4: observatory-master | B4: observatory | C4: Observatoire de recherche | D4: 3 | E4: equipment_observatory_3 | F4: 4 | G4: 2 | H4: rechargeMultiplier | I4: 4 | J4: Double la vitesse de recharge pour une courte série de packs.
A5: telescope-beginner | B5: telescope | C5: Newton | D5: 1 | E5: equipment_telescope_1 | F5: 2 | G5: 8 | H5: holographicSkyPercent | I5: 16 | J5: Ajoute une petite chance holographique supplémentaire.
A6: telescope-advanced | B6: telescope | C6: Lunette apochromatique | D6: 2 | E6: equipment_telescope_2 | F6: 3 | G6: 12 | H6: holographicSkyPercent | I6: 10 | J6: Renforce sensiblement l'apparition des cartes holographiques.
A7: telescope-master | B7: telescope | C7: Ritchey-Chrétien | D7: 3 | E7: equipment_telescope_3 | F7: 4 | G7: 18 | H7: holographicSkyPercent | I7: 4 | J7: Offre une forte poussée holographique sur les prochains packs.
A8: mount-beginner | B8: mount | C8: Monture Alt-Az | D8: 1 | E8: equipment_mount_1 | F8: 2 | G8: 6 | H8: rarityBoost | I8: 16 | J8: Ajoute une chance modérée de promouvoir une carte d'un palier.
A9: mount-advanced | B9: mount | C9: Monture équatoriale | D9: 2 | E9: equipment_mount_2 | F9: 3 | G9: 10 | H9: rarityBoost | I9: 10 | J9: Augmente davantage la probabilité de gagner en rareté.
A10: mount-master | B10: mount | C10: Monture harmonique | D10: 3 | E10: equipment_mount_3 | F10: 4 | G10: 15 | H10: rarityBoost | I10: 4 | J10: Améliore grandement la probabilité de gagner en rareté.

Sheet Donnees
A1: GlobalSettings
A3: cardsPerDraw | B3: 5 | D3: cardsPerDay
A4: drawCooldownHours | B4: 6 | D4: =B3*24/B4 -> 20
A6: villeMeanPerDay | B6: =B3*24/B4-SUM(B7:B10) -> 9.8571429
A7: suburbanMeanPerDay | B7: 6
A8: ruralMeanPerDay | B8: 3
A9: mountainMeanPerDay | B9: 1
A10: holoMeanPerDay | B10: =1/7 -> 0.14285714 | D10: percentStampMeanPerDay
A11: unstampMeanPerDay | B11: =D4-B12 -> 18 | D11: 10
A12: stampMeanPerDay | B12: =D11*D4/100 -> 2
A14: commonPerDay | B14: =$D$4*E14/100 -> 10 | D14: percentCommonPerDay | E14: =100-SUM(E15:E17) -> 50 | G14: commonHoloMeanDays | H14: =1/(B14*$D$11/100) -> 1
A15: uncommonPerDay | B15: =$D$4*E15/100 -> 6 | D15: percentUncommonPerDay | E15: 30 | G15: uncommonHoloMeanDays | H15: =1/(B15*$D$11/100) -> 1.6666667
A16: rarePerDay | B16: =$D$4*E16/100 -> 3 | D16: percentRarePerDay | E16: 15 | G16: rareHoloMeanDays | H16: =1/(B16*$D$11/100) -> 3.3333333
A17: epicPerDay | B17: =$D$4*E17/100 -> 1 | D17: percentEpicPerDay | E17: 5 | G17: epicHoloMeanDays | H17: =1/(B17*$D$11/100) -> 10
A19: EquipmentChancePercent | B19: 5

Sheet Resultats
A1: VariantProfiles
A2: variantProfileId | B2: category | C2: code | D2: label | E2: weight | F2: probability | G2: meanPacks | H2: meanDays
A3: observation-default | B3: skyQuality | C3: city | D3: Ville | E3: =Donnees!B6 -> 9.8571429 | F3: =E3/SUMPRODUCT($E$3:$E$7) -> 0.49285714 | G3: =1/(F3*Donnees!$B$3) -> 0.4057971 | H3: =1/(1/G3*24/Donnees!$B$4) -> 0.10144928
A4: observation-default | B4: skyQuality | C4: suburban | D4: Periurbain | E4: =Donnees!B7 -> 6 | F4: =E4/SUMPRODUCT($E$3:$E$7) -> 0.3 | G4: =1/(F4*Donnees!$B$3) -> 0.66666667 | H4: =1/(1/G4*24/Donnees!$B$4) -> 0.16666667
A5: observation-default | B5: skyQuality | C5: rural | D5: Campagne | E5: =Donnees!B8 -> 3 | F5: =E5/SUMPRODUCT($E$3:$E$7) -> 0.15 | G5: =1/(F5*Donnees!$B$3) -> 1.3333333 | H5: =1/(1/G5*24/Donnees!$B$4) -> 0.33333333
A6: observation-default | B6: skyQuality | C6: mountain | D6: Montagne | E6: =Donnees!B9 -> 1 | F6: =E6/SUMPRODUCT($E$3:$E$7) -> 0.05 | G6: =1/(F6*Donnees!$B$3) -> 4 | H6: =1/(1/G6*24/Donnees!$B$4) -> 1
A7: observation-default | B7: skyQuality | C7: holographic | D7: Holographique | E7: =Donnees!B10 -> 0.14285714 | F7: =E7/SUMPRODUCT($E$3:$E$7) -> 0.0071428571 | G7: =1/(F7*Donnees!$B$3) -> 28 | H7: =1/(1/G7*24/Donnees!$B$4) -> 7
A8: observation-default | B8: finish | C8: standard | D8: Standard | E8: =Donnees!B11 -> 18 | F8: =E8/SUMPRODUCT(E$8:E$9) -> 0.9 | G8: =F8*Donnees!$B$3 -> 4.5 | H8: =G8*24/Donnees!$B$4 -> 18
A9: observation-default | B9: finish | C9: holographic | D9: Holographique | E9: =Donnees!B12 -> 2 | F9: =E9/SUMPRODUCT(E$8:E$9) -> 0.1 | G9: =F9*Donnees!$B$3 -> 0.5 | H9: =G9*24/Donnees!$B$4 -> 2
A11: RaritySummary
A12: rarityLabel | B12: cardCount | C12: totalWeight | D12: rarityProbability | E12: baseCardWeight | F12: rarityPerDays
A13: Common | B13: {=SUMPRODUCT(--(Table1[rowType]="card"),--(Table1[rarityLabel]=A13))} -> 48 | C13: {=SUMPRODUCT((Table1[rowType]="card")*(Table1[rarityLabel]=A13)*(Table1[cardRarityMultiplier]))*Donnees!B14} -> 480 | D13: =Donnees!E14/100 -> 0.5 | E13: =D13/B13 -> 0.010416667 | F13: =Donnees!$D$4*E13*B13 -> 10
A14: Uncommon | B14: {=SUMPRODUCT(--(Table1[rowType]="card"),--(Table1[rarityLabel]=A14))} -> 25 | C14: {=SUMPRODUCT((Table1[rowType]="card")*(Table1[rarityLabel]=A14)*(Table1[cardRarityMultiplier]))*Donnees!B15} -> 150 | D14: =Donnees!E15/100 -> 0.3 | E14: =D14/B14 -> 0.012 | F14: =Donnees!$D$4*E14*B14 -> 6
A15: Rare | B15: {=SUMPRODUCT(--(Table1[rowType]="card"),--(Table1[rarityLabel]=A15))} -> 17 | C15: {=SUMPRODUCT((Table1[rowType]="card")*(Table1[rarityLabel]=A15)*(Table1[cardRarityMultiplier]))*Donnees!B16} -> 51 | D15: =Donnees!E16/100 -> 0.15 | E15: =D15/B15 -> 0.0088235294 | F15: =Donnees!$D$4*E15*B15 -> 3
A16: Epic | B16: {=SUMPRODUCT(--(Table1[rowType]="card"),--(Table1[rarityLabel]=A16))} -> 8 | C16: {=SUMPRODUCT((Table1[rowType]="card")*(Table1[rarityLabel]=A16)*(Table1[cardRarityMultiplier]))*Donnees!B17} -> 8 | D16: =Donnees!E17/100 -> 0.05 | E16: =D16/B16 -> 0.00625 | F16: =Donnees!$D$4*E16*B16 -> 1
A18: Cards
A19: extensionId | B19: cardId | C19: name | D19: rarityLabel | E19: unnormedDrawWeight | F19: normalisedDrawWeight | G19: probabilityPerDay | H19: meanDays | I19: cityMD | J19: cityStampMD | K19: periMD | L19: periStampMD | M19: campMD | N19: campStampMD | O19: montMD | P19: montStampMD | Q19: holoMD | R19: holoStampMD
A20: astronomes-en-herbe | B20: aeh-albireo | C20: Albiréo | D20: Common | E20: =VLOOKUP(D20,$A$13:$F$16,5,FALSE)*_xlfn.XLOOKUP(Resultats!C20,Table1[name],Table1[cardRarityMultiplier]) -> 0.010416667 | F20: =E20/$E$118 -> 0.010483266 | G20: =1-POWER(1-E20,Donnees!$D$4) -> 0.18895034 | H20: =1/G20 -> 5.2923958 | I20: =1/(1-POWER(1-$F20*$F$3*$F$8,Donnees!$D$4)) -> 11.235257 | J20: =1/(1-POWER(1-$F20*$F$3*$F$9,Donnees!$D$4)) -> 97.248442 | K20: =1/(1-POWER(1-$F20*$F$4*$F$8,Donnees!$D$4)) -> 18.144549 | L20: =1/(1-POWER(1-$F20*$F$4*$F$9,Donnees!$D$4)) -> 159.45905 | M20: =1/(1-POWER(1-$F20*$F$5*$F$8,Donnees!$D$4)) -> 35.807028 | N20: =1/(1-POWER(1-$F20*$F$5*$F$9,Donnees!$D$4)) -> 318.44232 | O20: =1/(1-POWER(1-$F20*$F$6*$F$8,Donnees!$D$4)) -> 106.4648 | P20: =1/(1-POWER(1-$F20*$F$6*$F$9,Donnees!$D$4)) -> 954.37626 | Q20: =1/(1-POWER(1-$F20*$F$7*$F$8,Donnees!$D$4)) -> 742.39825 | R20: =1/(1-POWER(1-$F20*$F$7*$F$9,Donnees!$D$4)) -> 6677.7832
A21: astronomes-en-herbe | B21: aeh-algol | C21: Algol | D21: Uncommon | E21: =VLOOKUP(D21,$A$13:$F$16,5,FALSE)*_xlfn.XLOOKUP(Resultats!C21,Table1[name],Table1[cardRarityMultiplier]) -> 0.012 | F21: =E21/$E$118 -> 0.012076723 | G21: =1-POWER(1-E21,Donnees!$D$4) -> 0.2145132 | H21: =1/G21 -> 4.6617178 | I21: =1/(1-POWER(1-$F21*$F$3*$F$8,Donnees!$D$4)) -> 9.8177034 | J21: =1/(1-POWER(1-$F21*$F$3*$F$9,Donnees!$D$4)) -> 84.479968 | K21: =1/(1-POWER(1-$F21*$F$4*$F$8,Donnees!$D$4)) -> 15.814489 | L21: =1/(1-POWER(1-$F21*$F$4*$F$9,Donnees!$D$4)) -> 138.48214 | M21: =1/(1-POWER(1-$F21*$F$5*$F$8,Donnees!$D$4)) -> 31.145832 | N21: =1/(1-POWER(1-$F21*$F$5*$F$9,Donnees!$D$4)) -> 276.48837 | O21: =1/(1-POWER(1-$F21*$F$6*$F$8,Donnees!$D$4)) -> 92.480261 | P21: =1/(1-POWER(1-$F21*$F$6*$F$9,Donnees!$D$4)) -> 828.51432 | Q21: =1/(1-POWER(1-$F21*$F$7*$F$8,Donnees!$D$4)) -> 644.50563 | R21: =1/(1-POWER(1-$F21*$F$7*$F$9,Donnees!$D$4)) -> 5796.7495
A22: astronomes-en-herbe | B22: aeh-almach | C22: Almach | D22: Uncommon | E22: =VLOOKUP(D22,$A$13:$F$16,5,FALSE)*_xlfn.XLOOKUP(Resultats!C22,Table1[name],Table1[cardRarityMultiplier]) -> 0.012 | F22: =E22/$E$118 -> 0.012076723 | G22: =1-POWER(1-E22,Donnees!$D$4) -> 0.2145132 | H22: =1/G22 -> 4.6617178 | I22: =1/(1-POWER(1-$F22*$F$3*$F$8,Donnees!$D$4)) -> 9.8177034 | J22: =1/(1-POWER(1-$F22*$F$3*$F$9,Donnees!$D$4)) -> 84.479968 | K22: =1/(1-POWER(1-$F22*$F$4*$F$8,Donnees!$D$4)) -> 15.814489 | L22: =1/(1-POWER(1-$F22*$F$4*$F$9,Donnees!$D$4)) -> 138.48214 | M22: =1/(1-POWER(1-$F22*$F$5*$F$8,Donnees!$D$4)) -> 31.145832 | N22: =1/(1-POWER(1-$F22*$F$5*$F$9,Donnees!$D$4)) -> 276.48837 | O22: =1/(1-POWER(1-$F22*$F$6*$F$8,Donnees!$D$4)) -> 92.480261 | P22: =1/(1-POWER(1-$F22*$F$6*$F$9,Donnees!$D$4)) -> 828.51432 | Q22: =1/(1-POWER(1-$F22*$F$7*$F$8,Donnees!$D$4)) -> 644.50563 | R22: =1/(1-POWER(1-$F22*$F$7*$F$9,Donnees!$D$4)) -> 5796.7495
A23: astronomes-en-herbe | B23: aeh-altair | C23: Altaïr | D23: Common | E23: =VLOOKUP(D23,$A$13:$F$16,5,FALSE)*_xlfn.XLOOKUP(Resultats!C23,Table1[name],Table1[cardRarityMultiplier]) -> 0.010416667 | F23: =E23/$E$118 -> 0.010483266 | G23: =1-POWER(1-E23,Donnees!$D$4) -> 0.18895034 | H23: =1/G23 -> 5.2923958 | I23: =1/(1-POWER(1-$F23*$F$3*$F$8,Donnees!$D$4)) -> 11.235257 | J23: =1/(1-POWER(1-$F23*$F$3*$F$9,Donnees!$D$4)) -> 97.248442 | K23: =1/(1-POWER(1-$F23*$F$4*$F$8,Donnees!$D$4)) -> 18.144549 | L23: =1/(1-POWER(1-$F23*$F$4*$F$9,Donnees!$D$4)) -> 159.45905 | M23: =1/(1-POWER(1-$F23*$F$5*$F$8,Donnees!$D$4)) -> 35.807028 | N23: =1/(1-POWER(1-$F23*$F$5*$F$9,Donnees!$D$4)) -> 318.44232 | O23: =1/(1-POWER(1-$F23*$F$6*$F$8,Donnees!$D$4)) -> 106.4648 | P23: =1/(1-POWER(1-$F23*$F$6*$F$9,Donnees!$D$4)) -> 954.37626 | Q23: =1/(1-POWER(1-$F23*$F$7*$F$8,Donnees!$D$4)) -> 742.39825 | R23: =1/(1-POWER(1-$F23*$F$7*$F$9,Donnees!$D$4)) -> 6677.7832
A24: astronomes-en-herbe | B24: aeh-andromede-constellation | C24: Andromède | D24: Common | E24: =VLOOKUP(D24,$A$13:$F$16,5,FALSE)*_xlfn.XLOOKUP(Resultats!C24,Table1[name],Table1[cardRarityMultiplier]) -> 0.010416667 | F24: =E24/$E$118 -> 0.010483266 | G24: =1-POWER(1-E24,Donnees!$D$4) -> 0.18895034 | H24: =1/G24 -> 5.2923958 | I24: =1/(1-POWER(1-$F24*$F$3*$F$8,Donnees!$D$4)) -> 11.235257 | J24: =1/(1-POWER(1-$F24*$F$3*$F$9,Donnees!$D$4)) -> 97.248442 | K24: =1/(1-POWER(1-$F24*$F$4*$F$8,Donnees!$D$4)) -> 18.144549 | L24: =1/(1-POWER(1-$F24*$F$4*$F$9,Donnees!$D$4)) -> 159.45905 | M24: =1/(1-POWER(1-$F24*$F$5*$F$8,Donnees!$D$4)) -> 35.807028 | N24: =1/(1-POWER(1-$F24*$F$5*$F$9,Donnees!$D$4)) -> 318.44232 | O24: =1/(1-POWER(1-$F24*$F$6*$F$8,Donnees!$D$4)) -> 106.4648 | P24: =1/(1-POWER(1-$F24*$F$6*$F$9,Donnees!$D$4)) -> 954.37626 | Q24: =1/(1-POWER(1-$F24*$F$7*$F$8,Donnees!$D$4)) -> 742.39825 | R24: =1/(1-POWER(1-$F24*$F$7*$F$9,Donnees!$D$4)) -> 6677.7832
A25: astronomes-en-herbe | B25: aeh-arcturus | C25: Arcturus | D25: Common | E25: =VLOOKUP(D25,$A$13:$F$16,5,FALSE)*_xlfn.XLOOKUP(Resultats!C25,Table1[name],Table1[cardRarityMultiplier]) -> 0.010416667 | F25: =E25/$E$118 -> 0.010483266 | G25: =1-POWER(1-E25,Donnees!$D$4) -> 0.18895034 | H25: =1/G25 -> 5.2923958 | I25: =1/(1-POWER(1-$F25*$F$3*$F$8,Donnees!$D$4)) -> 11.235257 | J25: =1/(1-POWER(1-$F25*$F$3*$F$9,Donnees!$D$4)) -> 97.248442 | K25: =1/(1-POWER(1-$F25*$F$4*$F$8,Donnees!$D$4)) -> 18.144549 | L25: =1/(1-POWER(1-$F25*$F$4*$F$9,Donnees!$D$4)) -> 159.45905 | M25: =1/(1-POWER(1-$F25*$F$5*$F$8,Donnees!$D$4)) -> 35.807028 | N25: =1/(1-POWER(1-$F25*$F$5*$F$9,Donnees!$D$4)) -> 318.44232 | O25: =1/(1-POWER(1-$F25*$F$6*$F$8,Donnees!$D$4)) -> 106.4648 | P25: =1/(1-POWER(1-$F25*$F$6*$F$9,Donnees!$D$4)) -> 954.37626 | Q25: =1/(1-POWER(1-$F25*$F$7*$F$8,Donnees!$D$4)) -> 742.39825 | R25: =1/(1-POWER(1-$F25*$F$7*$F$9,Donnees!$D$4)) -> 6677.7832
A26: astronomes-en-herbe | B26: aeh-aurora-borealis | C26: Aurore boréale | D26: Epic | E26: =VLOOKUP(D26,$A$13:$F$16,5,FALSE)*_xlfn.XLOOKUP(Resultats!C26,Table1[name],Table1[cardRarityMultiplier]) -> 0.00625 | F26: =E26/$E$118 -> 0.0062899597 | G26: =1-POWER(1-E26,Donnees!$D$4) -> 0.1178492 | H26: =1/G26 -> 8.4854205 | I26: =1/(1-POWER(1-$F26*$F$3*$F$8,Donnees!$D$4)) -> 18.400493 | J26: =1/(1-POWER(1-$F26*$F$3*$F$9,Donnees!$D$4)) -> 161.76315 | K26: =1/(1-POWER(1-$F26*$F$4*$F$8,Donnees!$D$4)) -> 29.91922 | L26: =1/(1-POWER(1-$F26*$F$4*$F$9,Donnees!$D$4)) -> 265.44786 | M26: =1/(1-POWER(1-$F26*$F$5*$F$8,Donnees!$D$4)) -> 59.359201 | N26: =1/(1-POWER(1-$F26*$F$5*$F$9,Donnees!$D$4)) -> 530.42025 | O26: =1/(1-POWER(1-$F26*$F$6*$F$8,Donnees!$D$4)) -> 177.12384 | P26: =1/(1-POWER(1-$F26*$F$6*$F$9,Donnees!$D$4)) -> 1590.3103 | Q26: =1/(1-POWER(1-$F26*$F$7*$F$8,Donnees!$D$4)) -> 1237.0136 | R26: =1/(1-POWER(1-$F26*$F$7*$F$9,Donnees!$D$4)) -> 11129.322
A27: astronomes-en-herbe | B27: aeh-betelgeuse | C27: Bételgeuse | D27: Common | E27: =VLOOKUP(D27,$A$13:$F$16,5,FALSE)*_xlfn.XLOOKUP(Resultats!C27,Table1[name],Table1[cardRarityMultiplier]) -> 0.010416667 | F27: =E27/$E$118 -> 0.010483266 | G27: =1-POWER(1-E27,Donnees!$D$4) -> 0.18895034 | H27: =1/G27 -> 5.2923958 | I27: =1/(1-POWER(1-$F27*$F$3*$F$8,Donnees!$D$4)) -> 11.235257 | J27: =1/(1-POWER(1-$F27*$F$3*$F$9,Donnees!$D$4)) -> 97.248442 | K27: =1/(1-POWER(1-$F27*$F$4*$F$8,Donnees!$D$4)) -> 18.144549 | L27: =1/(1-POWER(1-$F27*$F$4*$F$9,Donnees!$D$4)) -> 159.45905 | M27: =1/(1-POWER(1-$F27*$F$5*$F$8,Donnees!$D$4)) -> 35.807028 | N27: =1/(1-POWER(1-$F27*$F$5*$F$9,Donnees!$D$4)) -> 318.44232 | O27: =1/(1-POWER(1-$F27*$F$6*$F$8,Donnees!$D$4)) -> 106.4648 | P27: =1/(1-POWER(1-$F27*$F$6*$F$9,Donnees!$D$4)) -> 954.37626 | Q27: =1/(1-POWER(1-$F27*$F$7*$F$8,Donnees!$D$4)) -> 742.39825 | R27: =1/(1-POWER(1-$F27*$F$7*$F$9,Donnees!$D$4)) -> 6677.7832
A28: astronomes-en-herbe | B28: aeh-capella | C28: Capella | D28: Common | E28: =VLOOKUP(D28,$A$13:$F$16,5,FALSE)*_xlfn.XLOOKUP(Resultats!C28,Table1[name],Table1[cardRarityMultiplier]) -> 0.010416667 | F28: =E28/$E$118 -> 0.010483266 | G28: =1-POWER(1-E28,Donnees!$D$4) -> 0.18895034 | H28: =1/G28 -> 5.2923958 | I28: =1/(1-POWER(1-$F28*$F$3*$F$8,Donnees!$D$4)) -> 11.235257 | J28: =1/(1-POWER(1-$F28*$F$3*$F$9,Donnees!$D$4)) -> 97.248442 | K28: =1/(1-POWER(1-$F28*$F$4*$F$8,Donnees!$D$4)) -> 18.144549 | L28: =1/(1-POWER(1-$F28*$F$4*$F$9,Donnees!$D$4)) -> 159.45905 | M28: =1/(1-POWER(1-$F28*$F$5*$F$8,Donnees!$D$4)) -> 35.807028 | N28: =1/(1-POWER(1-$F28*$F$5*$F$9,Donnees!$D$4)) -> 318.44232 | O28: =1/(1-POWER(1-$F28*$F$6*$F$8,Donnees!$D$4)) -> 106.4648 | P28: =1/(1-POWER(1-$F28*$F$6*$F$9,Donnees!$D$4)) -> 954.37626 | Q28: =1/(1-POWER(1-$F28*$F$7*$F$8,Donnees!$D$4)) -> 742.39825 | R28: =1/(1-POWER(1-$F28*$F$7*$F$9,Donnees!$D$4)) -> 6677.7832
A29: astronomes-en-herbe | B29: aeh-cassiopeia | C29: Cassiopée | D29: Common | E29: =VLOOKUP(D29,$A$13:$F$16,5,FALSE)*_xlfn.XLOOKUP(Resultats!C29,Table1[name],Table1[cardRarityMultiplier]) -> 0.010416667 | F29: =E29/$E$118 -> 0.010483266 | G29: =1-POWER(1-E29,Donnees!$D$4) -> 0.18895034 | H29: =1/G29 -> 5.2923958 | I29: =1/(1-POWER(1-$F29*$F$3*$F$8,Donnees!$D$4)) -> 11.235257 | J29: =1/(1-POWER(1-$F29*$F$3*$F$9,Donnees!$D$4)) -> 97.248442 | K29: =1/(1-POWER(1-$F29*$F$4*$F$8,Donnees!$D$4)) -> 18.144549 | L29: =1/(1-POWER(1-$F29*$F$4*$F$9,Donnees!$D$4)) -> 159.45905 | M29: =1/(1-POWER(1-$F29*$F$5*$F$8,Donnees!$D$4)) -> 35.807028 | N29: =1/(1-POWER(1-$F29*$F$5*$F$9,Donnees!$D$4)) -> 318.44232 | O29: =1/(1-POWER(1-$F29*$F$6*$F$8,Donnees!$D$4)) -> 106.4648 | P29: =1/(1-POWER(1-$F29*$F$6*$F$9,Donnees!$D$4)) -> 954.37626 | Q29: =1/(1-POWER(1-$F29*$F$7*$F$8,Donnees!$D$4)) -> 742.39825 | R29: =1/(1-POWER(1-$F29*$F$7*$F$9,Donnees!$D$4)) -> 6677.7832
A30: astronomes-en-herbe | B30: aeh-coathanger | C30: Amas du Cintre | D30: Uncommon | E30: =VLOOKUP(D30,$A$13:$F$16,5,FALSE)*_xlfn.XLOOKUP(Resultats!C30,Table1[name],Table1[cardRarityMultiplier]) -> 0.012 | F30: =E30/$E$118 -> 0.012076723 | G30: =1-POWER(1-E30,Donnees!$D$4) -> 0.2145132 | H30: =1/G30 -> 4.6617178 | I30: =1/(1-POWER(1-$F30*$F$3*$F$8,Donnees!$D$4)) -> 9.8177034 | J30: =1/(1-POWER(1-$F30*$F$3*$F$9,Donnees!$D$4)) -> 84.479968 | K30: =1/(1-POWER(1-$F30*$F$4*$F$8,Donnees!$D$4)) -> 15.814489 | L30: =1/(1-POWER(1-$F30*$F$4*$F$9,Donnees!$D$4)) -> 138.48214 | M30: =1/(1-POWER(1-$F30*$F$5*$F$8,Donnees!$D$4)) -> 31.145832 | N30: =1/(1-POWER(1-$F30*$F$5*$F$9,Donnees!$D$4)) -> 276.48837 | O30: =1/(1-POWER(1-$F30*$F$6*$F$8,Donnees!$D$4)) -> 92.480261 | P30: =1/(1-POWER(1-$F30*$F$6*$F$9,Donnees!$D$4)) -> 828.51432 | Q30: =1/(1-POWER(1-$F30*$F$7*$F$8,Donnees!$D$4)) -> 644.50563 | R30: =1/(1-POWER(1-$F30*$F$7*$F$9,Donnees!$D$4)) -> 5796.7495
A31: astronomes-en-herbe | B31: aeh-comet-neowise | C31: Comète C/2020 F3 NEOWISE | D31: Epic | E31: =VLOOKUP(D31,$A$13:$F$16,5,FALSE)*_xlfn.XLOOKUP(Resultats!C31,Table1[name],Table1[cardRarityMultiplier]) -> 0.00625 | F31: =E31/$E$118 -> 0.0062899597 | G31: =1-POWER(1-E31,Donnees!$D$4) -> 0.1178492 | H31: =1/G31 -> 8.4854205 | I31: =1/(1-POWER(1-$F31*$F$3*$F$8,Donnees!$D$4)) -> 18.400493 | J31: =1/(1-POWER(1-$F31*$F$3*$F$9,Donnees!$D$4)) -> 161.76315 | K31: =1/(1-POWER(1-$F31*$F$4*$F$8,Donnees!$D$4)) -> 29.91922 | L31: =1/(1-POWER(1-$F31*$F$4*$F$9,Donnees!$D$4)) -> 265.44786 | M31: =1/(1-POWER(1-$F31*$F$5*$F$8,Donnees!$D$4)) -> 59.359201 | N31: =1/(1-POWER(1-$F31*$F$5*$F$9,Donnees!$D$4)) -> 530.42025 | O31: =1/(1-POWER(1-$F31*$F$6*$F$8,Donnees!$D$4)) -> 177.12384 | P31: =1/(1-POWER(1-$F31*$F$6*$F$9,Donnees!$D$4)) -> 1590.3103 | Q31: =1/(1-POWER(1-$F31*$F$7*$F$8,Donnees!$D$4)) -> 1237.0136 | R31: =1/(1-POWER(1-$F31*$F$7*$F$9,Donnees!$D$4)) -> 11129.322
... A69: astronomes-en-herbe | B69: aeh-grande-ourse | C69: Grande Ourse | D69: Common | E69: =VLOOKUP(D69,$A$13:$F$16,5,FALSE)*_xlfn.XLOOKUP(Resultats!C69,Table1[name],Table1[cardRarityMultiplier]) -> 0.010416667 | F69: =E69/$E$118 -> 0.010483266 | G69: =1-POWER(1-E69,Donnees!$D$4) -> 0.18895034 | H69: =1/G69 -> 5.2923958 | I69: =1/(1-POWER(1-$F69*$F$3*$F$8,Donnees!$D$4)) -> 11.235257 | J69: =1/(1-POWER(1-$F69*$F$3*$F$9,Donnees!$D$4)) -> 97.248442 | K69: =1/(1-POWER(1-$F69*$F$4*$F$8,Donnees!$D$4)) -> 18.144549 | L69: =1/(1-POWER(1-$F69*$F$4*$F$9,Donnees!$D$4)) -> 159.45905 | M69: =1/(1-POWER(1-$F69*$F$5*$F$8,Donnees!$D$4)) -> 35.807028 | N69: =1/(1-POWER(1-$F69*$F$5*$F$9,Donnees!$D$4)) -> 318.44232 | O69: =1/(1-POWER(1-$F69*$F$6*$F$8,Donnees!$D$4)) -> 106.4648 | P69: =1/(1-POWER(1-$F69*$F$6*$F$9,Donnees!$D$4)) -> 954.37626 | Q69: =1/(1-POWER(1-$F69*$F$7*$F$8,Donnees!$D$4)) -> 742.39825 | R69: =1/(1-POWER(1-$F69*$F$7*$F$9,Donnees!$D$4)) -> 6677.7832
B70: ss-mercury | C70: Mercure | D70: Rare | E70: =VLOOKUP(D70,$A$13:$F$16,5,FALSE)*_xlfn.XLOOKUP(Resultats!C70,Table1[name],Table1[cardRarityMultiplier]) -> 0.0088235294 | F70: =E70/$E$118 -> 0.0088799432 | G70: =1-POWER(1-E70,Donnees!$D$4) -> 0.16243277 | H70: =1/G70 -> 6.1563932 | I70: =1/(1-POWER(1-$F70*$F$3*$F$8,Donnees!$D$4)) -> 13.175495 | J70: =1/(1-POWER(1-$F70*$F$3*$F$9,Donnees!$D$4)) -> 114.72114 | K70: =1/(1-POWER(1-$F70*$F$4*$F$8,Donnees!$D$4)) -> 21.333312 | L70: =1/(1-POWER(1-$F70*$F$4*$F$9,Donnees!$D$4)) -> 188.16433 | M70: =1/(1-POWER(1-$F70*$F$5*$F$8,Donnees!$D$4)) -> 42.185636 | N70: =1/(1-POWER(1-$F70*$F$5*$F$9,Donnees!$D$4)) -> 375.853 | O70: =1/(1-POWER(1-$F70*$F$6*$F$8,Donnees!$D$4)) -> 125.60159 | P70: =1/(1-POWER(1-$F70*$F$6*$F$9,Donnees!$D$4)) -> 1126.6084 | Q70: =1/(1-POWER(1-$F70*$F$7*$F$8,Donnees!$D$4)) -> 876.35658 | R70: =1/(1-POWER(1-$F70*$F$7*$F$9,Donnees!$D$4)) -> 7883.4083
B71: ss-venus | C71: Vénus | D71: Rare | E71: =VLOOKUP(D71,$A$13:$F$16,5,FALSE)*_xlfn.XLOOKUP(Resultats!C71,Table1[name],Table1[cardRarityMultiplier]) -> 0.0088235294 | F71: =E71/$E$118 -> 0.0088799432 | G71: =1-POWER(1-E71,Donnees!$D$4) -> 0.16243277 | H71: =1/G71 -> 6.1563932 | I71: =1/(1-POWER(1-$F71*$F$3*$F$8,Donnees!$D$4)) -> 13.175495 | J71: =1/(1-POWER(1-$F71*$F$3*$F$9,Donnees!$D$4)) -> 114.72114 | K71: =1/(1-POWER(1-$F71*$F$4*$F$8,Donnees!$D$4)) -> 21.333312 | L71: =1/(1-POWER(1-$F71*$F$4*$F$9,Donnees!$D$4)) -> 188.16433 | M71: =1/(1-POWER(1-$F71*$F$5*$F$8,Donnees!$D$4)) -> 42.185636 | N71: =1/(1-POWER(1-$F71*$F$5*$F$9,Donnees!$D$4)) -> 375.853 | O71: =1/(1-POWER(1-$F71*$F$6*$F$8,Donnees!$D$4)) -> 125.60159 | P71: =1/(1-POWER(1-$F71*$F$6*$F$9,Donnees!$D$4)) -> 1126.6084 | Q71: =1/(1-POWER(1-$F71*$F$7*$F$8,Donnees!$D$4)) -> 876.35658 | R71: =1/(1-POWER(1-$F71*$F$7*$F$9,Donnees!$D$4)) -> 7883.4083
B72: ss-earth | C72: Terre | D72: Epic | E72: =VLOOKUP(D72,$A$13:$F$16,5,FALSE)*_xlfn.XLOOKUP(Resultats!C72,Table1[name],Table1[cardRarityMultiplier]) -> 0.00625 | F72: =E72/$E$118 -> 0.0062899597 | G72: =1-POWER(1-E72,Donnees!$D$4) -> 0.1178492 | H72: =1/G72 -> 8.4854205 | I72: =1/(1-POWER(1-$F72*$F$3*$F$8,Donnees!$D$4)) -> 18.400493 | J72: =1/(1-POWER(1-$F72*$F$3*$F$9,Donnees!$D$4)) -> 161.76315 | K72: =1/(1-POWER(1-$F72*$F$4*$F$8,Donnees!$D$4)) -> 29.91922 | L72: =1/(1-POWER(1-$F72*$F$4*$F$9,Donnees!$D$4)) -> 265.44786 | M72: =1/(1-POWER(1-$F72*$F$5*$F$8,Donnees!$D$4)) -> 59.359201 | N72: =1/(1-POWER(1-$F72*$F$5*$F$9,Donnees!$D$4)) -> 530.42025 | O72: =1/(1-POWER(1-$F72*$F$6*$F$8,Donnees!$D$4)) -> 177.12384 | P72: =1/(1-POWER(1-$F72*$F$6*$F$9,Donnees!$D$4)) -> 1590.3103 | Q72: =1/(1-POWER(1-$F72*$F$7*$F$8,Donnees!$D$4)) -> 1237.0136 | R72: =1/(1-POWER(1-$F72*$F$7*$F$9,Donnees!$D$4)) -> 11129.322
B73: ss-mars | C73: Mars | D73: Epic | E73: =VLOOKUP(D73,$A$13:$F$16,5,FALSE)*_xlfn.XLOOKUP(Resultats!C73,Table1[name],Table1[cardRarityMultiplier]) -> 0.00625 | F73: =E73/$E$118 -> 0.0062899597 | G73: =1-POWER(1-E73,Donnees!$D$4) -> 0.1178492 | H73: =1/G73 -> 8.4854205 | I73: =1/(1-POWER(1-$F73*$F$3*$F$8,Donnees!$D$4)) -> 18.400493 | J73: =1/(1-POWER(1-$F73*$F$3*$F$9,Donnees!$D$4)) -> 161.76315 | K73: =1/(1-POWER(1-$F73*$F$4*$F$8,Donnees!$D$4)) -> 29.91922 | L73: =1/(1-POWER(1-$F73*$F$4*$F$9,Donnees!$D$4)) -> 265.44786 | M73: =1/(1-POWER(1-$F73*$F$5*$F$8,Donnees!$D$4)) -> 59.359201 | N73: =1/(1-POWER(1-$F73*$F$5*$F$9,Donnees!$D$4)) -> 530.42025 | O73: =1/(1-POWER(1-$F73*$F$6*$F$8,Donnees!$D$4)) -> 177.12384 | P73: =1/(1-POWER(1-$F73*$F$6*$F$9,Donnees!$D$4)) -> 1590.3103 | Q73: =1/(1-POWER(1-$F73*$F$7*$F$8,Donnees!$D$4)) -> 1237.0136 | R73: =1/(1-POWER(1-$F73*$F$7*$F$9,Donnees!$D$4)) -> 11129.322
B74: ss-jupiter | C74: Jupiter | D74: Epic | E74: =VLOOKUP(D74,$A$13:$F$16,5,FALSE)*_xlfn.XLOOKUP(Resultats!C74,Table1[name],Table1[cardRarityMultiplier]) -> 0.00625 | F74: =E74/$E$118 -> 0.0062899597 | G74: =1-POWER(1-E74,Donnees!$D$4) -> 0.1178492 | H74: =1/G74 -> 8.4854205 | I74: =1/(1-POWER(1-$F74*$F$3*$F$8,Donnees!$D$4)) -> 18.400493 | J74: =1/(1-POWER(1-$F74*$F$3*$F$9,Donnees!$D$4)) -> 161.76315 | K74: =1/(1-POWER(1-$F74*$F$4*$F$8,Donnees!$D$4)) -> 29.91922 | L74: =1/(1-POWER(1-$F74*$F$4*$F$9,Donnees!$D$4)) -> 265.44786 | M74: =1/(1-POWER(1-$F74*$F$5*$F$8,Donnees!$D$4)) -> 59.359201 | N74: =1/(1-POWER(1-$F74*$F$5*$F$9,Donnees!$D$4)) -> 530.42025 | O74: =1/(1-POWER(1-$F74*$F$6*$F$8,Donnees!$D$4)) -> 177.12384 | P74: =1/(1-POWER(1-$F74*$F$6*$F$9,Donnees!$D$4)) -> 1590.3103 | Q74: =1/(1-POWER(1-$F74*$F$7*$F$8,Donnees!$D$4)) -> 1237.0136 | R74: =1/(1-POWER(1-$F74*$F$7*$F$9,Donnees!$D$4)) -> 11129.322
B75: ss-saturn | C75: Saturne | D75: Epic | E75: =VLOOKUP(D75,$A$13:$F$16,5,FALSE)*_xlfn.XLOOKUP(Resultats!C75,Table1[name],Table1[cardRarityMultiplier]) -> 0.00625 | F75: =E75/$E$118 -> 0.0062899597 | G75: =1-POWER(1-E75,Donnees!$D$4) -> 0.1178492 | H75: =1/G75 -> 8.4854205 | I75: =1/(1-POWER(1-$F75*$F$3*$F$8,Donnees!$D$4)) -> 18.400493 | J75: =1/(1-POWER(1-$F75*$F$3*$F$9,Donnees!$D$4)) -> 161.76315 | K75: =1/(1-POWER(1-$F75*$F$4*$F$8,Donnees!$D$4)) -> 29.91922 | L75: =1/(1-POWER(1-$F75*$F$4*$F$9,Donnees!$D$4)) -> 265.44786 | M75: =1/(1-POWER(1-$F75*$F$5*$F$8,Donnees!$D$4)) -> 59.359201 | N75: =1/(1-POWER(1-$F75*$F$5*$F$9,Donnees!$D$4)) -> 530.42025 | O75: =1/(1-POWER(1-$F75*$F$6*$F$8,Donnees!$D$4)) -> 177.12384 | P75: =1/(1-POWER(1-$F75*$F$6*$F$9,Donnees!$D$4)) -> 1590.3103 | Q75: =1/(1-POWER(1-$F75*$F$7*$F$8,Donnees!$D$4)) -> 1237.0136 | R75: =1/(1-POWER(1-$F75*$F$7*$F$9,Donnees!$D$4)) -> 11129.322
B76: ss-uranus | C76: Uranus | D76: Rare | E76: =VLOOKUP(D76,$A$13:$F$16,5,FALSE)*_xlfn.XLOOKUP(Resultats!C76,Table1[name],Table1[cardRarityMultiplier]) -> 0.0088235294 | F76: =E76/$E$118 -> 0.0088799432 | G76: =1-POWER(1-E76,Donnees!$D$4) -> 0.16243277 | H76: =1/G76 -> 6.1563932 | I76: =1/(1-POWER(1-$F76*$F$3*$F$8,Donnees!$D$4)) -> 13.175495 | J76: =1/(1-POWER(1-$F76*$F$3*$F$9,Donnees!$D$4)) -> 114.72114 | K76: =1/(1-POWER(1-$F76*$F$4*$F$8,Donnees!$D$4)) -> 21.333312 | L76: =1/(1-POWER(1-$F76*$F$4*$F$9,Donnees!$D$4)) -> 188.16433 | M76: =1/(1-POWER(1-$F76*$F$5*$F$8,Donnees!$D$4)) -> 42.185636 | N76: =1/(1-POWER(1-$F76*$F$5*$F$9,Donnees!$D$4)) -> 375.853 | O76: =1/(1-POWER(1-$F76*$F$6*$F$8,Donnees!$D$4)) -> 125.60159 | P76: =1/(1-POWER(1-$F76*$F$6*$F$9,Donnees!$D$4)) -> 1126.6084 | Q76: =1/(1-POWER(1-$F76*$F$7*$F$8,Donnees!$D$4)) -> 876.35658 | R76: =1/(1-POWER(1-$F76*$F$7*$F$9,Donnees!$D$4)) -> 7883.4083
B77: ss-neptune | C77: Neptune | D77: Rare | E77: =VLOOKUP(D77,$A$13:$F$16,5,FALSE)*_xlfn.XLOOKUP(Resultats!C77,Table1[name],Table1[cardRarityMultiplier]) -> 0.0088235294 | F77: =E77/$E$118 -> 0.0088799432 | G77: =1-POWER(1-E77,Donnees!$D$4) -> 0.16243277 | H77: =1/G77 -> 6.1563932 | I77: =1/(1-POWER(1-$F77*$F$3*$F$8,Donnees!$D$4)) -> 13.175495 | J77: =1/(1-POWER(1-$F77*$F$3*$F$9,Donnees!$D$4)) -> 114.72114 | K77: =1/(1-POWER(1-$F77*$F$4*$F$8,Donnees!$D$4)) -> 21.333312 | L77: =1/(1-POWER(1-$F77*$F$4*$F$9,Donnees!$D$4)) -> 188.16433 | M77: =1/(1-POWER(1-$F77*$F$5*$F$8,Donnees!$D$4)) -> 42.185636 | N77: =1/(1-POWER(1-$F77*$F$5*$F$9,Donnees!$D$4)) -> 375.853 | O77: =1/(1-POWER(1-$F77*$F$6*$F$8,Donnees!$D$4)) -> 125.60159 | P77: =1/(1-POWER(1-$F77*$F$6*$F$9,Donnees!$D$4)) -> 1126.6084 | Q77: =1/(1-POWER(1-$F77*$F$7*$F$8,Donnees!$D$4)) -> 876.35658 | R77: =1/(1-POWER(1-$F77*$F$7*$F$9,Donnees!$D$4)) -> 7883.4083
B78: ss-ceres | C78: Cérès | D78: Common | E78: =VLOOKUP(D78,$A$13:$F$16,5,FALSE)*_xlfn.XLOOKUP(Resultats!C78,Table1[name],Table1[cardRarityMultiplier]) -> 0.010416667 | F78: =E78/$E$118 -> 0.010483266 | G78: =1-POWER(1-E78,Donnees!$D$4) -> 0.18895034 | H78: =1/G78 -> 5.2923958 | I78: =1/(1-POWER(1-$F78*$F$3*$F$8,Donnees!$D$4)) -> 11.235257 | J78: =1/(1-POWER(1-$F78*$F$3*$F$9,Donnees!$D$4)) -> 97.248442 | K78: =1/(1-POWER(1-$F78*$F$4*$F$8,Donnees!$D$4)) -> 18.144549 | L78: =1/(1-POWER(1-$F78*$F$4*$F$9,Donnees!$D$4)) -> 159.45905 | M78: =1/(1-POWER(1-$F78*$F$5*$F$8,Donnees!$D$4)) -> 35.807028 | N78: =1/(1-POWER(1-$F78*$F$5*$F$9,Donnees!$D$4)) -> 318.44232 | O78: =1/(1-POWER(1-$F78*$F$6*$F$8,Donnees!$D$4)) -> 106.4648 | P78: =1/(1-POWER(1-$F78*$F$6*$F$9,Donnees!$D$4)) -> 954.37626 | Q78: =1/(1-POWER(1-$F78*$F$7*$F$8,Donnees!$D$4)) -> 742.39825 | R78: =1/(1-POWER(1-$F78*$F$7*$F$9,Donnees!$D$4)) -> 6677.7832
B79: ss-pluto | C79: Pluton | D79: Uncommon | E79: =VLOOKUP(D79,$A$13:$F$16,5,FALSE)*_xlfn.XLOOKUP(Resultats!C79,Table1[name],Table1[cardRarityMultiplier]) -> 0.012 | F79: =E79/$E$118 -> 0.012076723 | G79: =1-POWER(1-E79,Donnees!$D$4) -> 0.2145132 | H79: =1/G79 -> 4.6617178 | I79: =1/(1-POWER(1-$F79*$F$3*$F$8,Donnees!$D$4)) -> 9.8177034 | J79: =1/(1-POWER(1-$F79*$F$3*$F$9,Donnees!$D$4)) -> 84.479968 | K79: =1/(1-POWER(1-$F79*$F$4*$F$8,Donnees!$D$4)) -> 15.814489 | L79: =1/(1-POWER(1-$F79*$F$4*$F$9,Donnees!$D$4)) -> 138.48214 | M79: =1/(1-POWER(1-$F79*$F$5*$F$8,Donnees!$D$4)) -> 31.145832 | N79: =1/(1-POWER(1-$F79*$F$5*$F$9,Donnees!$D$4)) -> 276.48837 | O79: =1/(1-POWER(1-$F79*$F$6*$F$8,Donnees!$D$4)) -> 92.480261 | P79: =1/(1-POWER(1-$F79*$F$6*$F$9,Donnees!$D$4)) -> 828.51432 | Q79: =1/(1-POWER(1-$F79*$F$7*$F$8,Donnees!$D$4)) -> 644.50563 | R79: =1/(1-POWER(1-$F79*$F$7*$F$9,Donnees!$D$4)) -> 5796.7495
B80: ss-makemake | C80: Makémaké | D80: Common | E80: =VLOOKUP(D80,$A$13:$F$16,5,FALSE)*_xlfn.XLOOKUP(Resultats!C80,Table1[name],Table1[cardRarityMultiplier]) -> 0.010416667 | F80: =E80/$E$118 -> 0.010483266 | G80: =1-POWER(1-E80,Donnees!$D$4) -> 0.18895034 | H80: =1/G80 -> 5.2923958 | I80: =1/(1-POWER(1-$F80*$F$3*$F$8,Donnees!$D$4)) -> 11.235257 | J80: =1/(1-POWER(1-$F80*$F$3*$F$9,Donnees!$D$4)) -> 97.248442 | K80: =1/(1-POWER(1-$F80*$F$4*$F$8,Donnees!$D$4)) -> 18.144549 | L80: =1/(1-POWER(1-$F80*$F$4*$F$9,Donnees!$D$4)) -> 159.45905 | M80: =1/(1-POWER(1-$F80*$F$5*$F$8,Donnees!$D$4)) -> 35.807028 | N80: =1/(1-POWER(1-$F80*$F$5*$F$9,Donnees!$D$4)) -> 318.44232 | O80: =1/(1-POWER(1-$F80*$F$6*$F$8,Donnees!$D$4)) -> 106.4648 | P80: =1/(1-POWER(1-$F80*$F$6*$F$9,Donnees!$D$4)) -> 954.37626 | Q80: =1/(1-POWER(1-$F80*$F$7*$F$8,Donnees!$D$4)) -> 742.39825 | R80: =1/(1-POWER(1-$F80*$F$7*$F$9,Donnees!$D$4)) -> 6677.7832
B81: ss-eris | C81: Éris | D81: Common | E81: =VLOOKUP(D81,$A$13:$F$16,5,FALSE)*_xlfn.XLOOKUP(Resultats!C81,Table1[name],Table1[cardRarityMultiplier]) -> 0.010416667 | F81: =E81/$E$118 -> 0.010483266 | G81: =1-POWER(1-E81,Donnees!$D$4) -> 0.18895034 | H81: =1/G81 -> 5.2923958 | I81: =1/(1-POWER(1-$F81*$F$3*$F$8,Donnees!$D$4)) -> 11.235257 | J81: =1/(1-POWER(1-$F81*$F$3*$F$9,Donnees!$D$4)) -> 97.248442 | K81: =1/(1-POWER(1-$F81*$F$4*$F$8,Donnees!$D$4)) -> 18.144549 | L81: =1/(1-POWER(1-$F81*$F$4*$F$9,Donnees!$D$4)) -> 159.45905 | M81: =1/(1-POWER(1-$F81*$F$5*$F$8,Donnees!$D$4)) -> 35.807028 | N81: =1/(1-POWER(1-$F81*$F$5*$F$9,Donnees!$D$4)) -> 318.44232 | O81: =1/(1-POWER(1-$F81*$F$6*$F$8,Donnees!$D$4)) -> 106.4648 | P81: =1/(1-POWER(1-$F81*$F$6*$F$9,Donnees!$D$4)) -> 954.37626 | Q81: =1/(1-POWER(1-$F81*$F$7*$F$8,Donnees!$D$4)) -> 742.39825 | R81: =1/(1-POWER(1-$F81*$F$7*$F$9,Donnees!$D$4)) -> 6677.7832
... B117: ss-ceres-occator | C117: Taches d’Occator | D117: Common | E117: =VLOOKUP(D117,$A$13:$F$16,5,FALSE)*_xlfn.XLOOKUP(Resultats!C117,Table1[name],Table1[cardRarityMultiplier]) -> 0.010416667 | F117: =E117/$E$118 -> 0.010483266 | G117: =1-POWER(1-E117,Donnees!$D$4) -> 0.18895034 | H117: =1/G117 -> 5.2923958 | I117: =1/(1-POWER(1-$F117*$F$3*$F$8,Donnees!$D$4)) -> 11.235257 | J117: =1/(1-POWER(1-$F117*$F$3*$F$9,Donnees!$D$4)) -> 97.248442 | K117: =1/(1-POWER(1-$F117*$F$4*$F$8,Donnees!$D$4)) -> 18.144549 | L117: =1/(1-POWER(1-$F117*$F$4*$F$9,Donnees!$D$4)) -> 159.45905 | M117: =1/(1-POWER(1-$F117*$F$5*$F$8,Donnees!$D$4)) -> 35.807028 | N117: =1/(1-POWER(1-$F117*$F$5*$F$9,Donnees!$D$4)) -> 318.44232 | O117: =1/(1-POWER(1-$F117*$F$6*$F$8,Donnees!$D$4)) -> 106.4648 | P117: =1/(1-POWER(1-$F117*$F$6*$F$9,Donnees!$D$4)) -> 954.37626 | Q117: =1/(1-POWER(1-$F117*$F$7*$F$8,Donnees!$D$4)) -> 742.39825 | R117: =1/(1-POWER(1-$F117*$F$7*$F$9,Donnees!$D$4)) -> 6677.7832
E118: =SUM(E20:E117) -> 0.99364706 | F118: =SUM(F20:F117) -> 1
H119: 30 | I119: {=SUM((1-_xlfn._xlws.FILTER(1/I$20:I$117,(1/I$20:I$117)<>""))^($H119))} -> 7.1214884 | J119: {=SUM((1-_xlfn._xlws.FILTER(1/J$20:J$117,(1/J$20:J$117)<>""))^($H119))} -> 72.546666 | K119: {=SUM((1-_xlfn._xlws.FILTER(1/K$20:K$117,(1/K$20:K$117)<>""))^($H119))} -> 19.389252 | L119: {=SUM((1-_xlfn._xlws.FILTER(1/L$20:L$117,(1/L$20:L$117)<>""))^($H119))} -> 81.586707 | M119: {=SUM((1-_xlfn._xlws.FILTER(1/M$20:M$117,(1/M$20:M$117)<>""))^($H119))} -> 43.218204 | N119: {=SUM((1-_xlfn._xlws.FILTER(1/N$20:N$117,(1/N$20:N$117)<>""))^($H119))} -> 89.409178 | O119: {=SUM((1-_xlfn._xlws.FILTER(1/O$20:O$117,(1/O$20:O$117)<>""))^($H119))} -> 74.462787 | P119: {=SUM((1-_xlfn._xlws.FILTER(1/P$20:P$117,(1/P$20:P$117)<>""))^($H119))} -> 95.046428 | ... R119: {=SUM((1-_xlfn._xlws.FILTER(1/R$20:R$117,(1/R$20:R$117)<>""))^($H119))} -> 97.572385
H120: 365 | I120: {=SUM((1-_xlfn._xlws.FILTER(1/I$20:I$117,(1/I$20:I$117)<>""))^($H120))} -> 1.1105449e-08 | J120: {=SUM((1-_xlfn._xlws.FILTER(1/J$20:J$117,(1/J$20:J$117)<>""))^($H120))} -> 3.011356 | K120: {=SUM((1-_xlfn._xlws.FILTER(1/K$20:K$117,(1/K$20:K$117)<>""))^($H120))} -> 3.3201155e-05 | L120: {=SUM((1-_xlfn._xlws.FILTER(1/L$20:L$117,(1/L$20:L$117)<>""))^($H120))} -> 11.197677 | M120: {=SUM((1-_xlfn._xlws.FILTER(1/M$20:M$117,(1/M$20:M$117)<>""))^($H120))} -> 0.020912091 | N120: {=SUM((1-_xlfn._xlws.FILTER(1/N$20:N$117,(1/N$20:N$117)<>""))^($H120))} -> 32.560188 | O120: {=SUM((1-_xlfn._xlws.FILTER(1/O$20:O$117,(1/O$20:O$117)<>""))^($H120))} -> 4.0070673 | P120: {=SUM((1-_xlfn._xlws.FILTER(1/P$20:P$117,(1/P$20:P$117)<>""))^($H120))} -> 67.638219 | ... R120: {=SUM((1-_xlfn._xlws.FILTER(1/R$20:R$117,(1/R$20:R$117)<>""))^($H120))} -> 92.925092
H121: 1200 | I121: {=SUM((1-_xlfn._xlws.FILTER(1/I$20:I$117,(1/I$20:I$117)<>""))^($H121))} -> 6.0478843e-29 | J121: {=SUM((1-_xlfn._xlws.FILTER(1/J$20:J$117,(1/J$20:J$117)<>""))^($H121))} -> 0.0054236853 | K121: {=SUM((1-_xlfn._xlws.FILTER(1/K$20:K$117,(1/K$20:K$117)<>""))^($H121))} -> 1.5369495e-17 | L121: {=SUM((1-_xlfn._xlws.FILTER(1/L$20:L$117,(1/L$20:L$117)<>""))^($H121))} -> 0.14717984 | M121: {=SUM((1-_xlfn._xlws.FILTER(1/M$20:M$117,(1/M$20:M$117)<>""))^($H121))} -> 1.1191131e-08 | N121: {=SUM((1-_xlfn._xlws.FILTER(1/N$20:N$117,(1/N$20:N$117)<>""))^($H121))} -> 3.0071051 | O121: {=SUM((1-_xlfn._xlws.FILTER(1/O$20:O$117,(1/O$20:O$117)<>""))^($H121))} -> 0.010888715 | P121: {=SUM((1-_xlfn._xlws.FILTER(1/P$20:P$117,(1/P$20:P$117)<>""))^($H121))} -> 29.348074 | ... R121: {=SUM((1-_xlfn._xlws.FILTER(1/R$20:R$117,(1/R$20:R$117)<>""))^($H121))} -> 82.30264
